-- MySQL dump 10.11
--
-- Host: localhost    Database: saihl
-- ------------------------------------------------------
-- Server version	5.0.75-0ubuntu10.2

/*!40101 SET @OLD_CHARACTER_SET_CLIENT=@@CHARACTER_SET_CLIENT */;
/*!40101 SET @OLD_CHARACTER_SET_RESULTS=@@CHARACTER_SET_RESULTS */;
/*!40101 SET @OLD_COLLATION_CONNECTION=@@COLLATION_CONNECTION */;
/*!40101 SET NAMES utf8 */;
/*!40103 SET @OLD_TIME_ZONE=@@TIME_ZONE */;
/*!40103 SET TIME_ZONE='+00:00' */;
/*!40014 SET @OLD_UNIQUE_CHECKS=@@UNIQUE_CHECKS, UNIQUE_CHECKS=0 */;
/*!40014 SET @OLD_FOREIGN_KEY_CHECKS=@@FOREIGN_KEY_CHECKS, FOREIGN_KEY_CHECKS=0 */;
/*!40101 SET @OLD_SQL_MODE=@@SQL_MODE, SQL_MODE='NO_AUTO_VALUE_ON_ZERO' */;
/*!40111 SET @OLD_SQL_NOTES=@@SQL_NOTES, SQL_NOTES=0 */;

--
-- Table structure for table `contacts`
--

DROP TABLE IF EXISTS `contacts`;
SET @saved_cs_client     = @@character_set_client;
SET character_set_client = utf8;
CREATE TABLE `contacts` (
  `id` bigint(20) unsigned NOT NULL auto_increment,
  `player_id` int(11) NOT NULL,
  `contact_type` varchar(255) default NULL,
  `contact_details` varchar(255) default NULL,
  UNIQUE KEY `id` (`id`)
) ENGINE=MyISAM AUTO_INCREMENT=20 DEFAULT CHARSET=latin1;
SET character_set_client = @saved_cs_client;

--
-- Dumping data for table `contacts`
--

LOCK TABLES `contacts` WRITE;
/*!40000 ALTER TABLE `contacts` DISABLE KEYS */;
INSERT INTO `contacts` VALUES (5,49,'Cellphone','0842534009'),(6,52,'Cellphone','0722076804'),(7,213,'Cellphone','0761304667'),(8,48,'cell','0837522506'),(9,227,'PhoneNo.','021-534-6093'),(10,23,'021','6866387'),(13,236,'CellPhone','0827498532'),(12,227,'CellNo.','0822006949'),(15,204,'cellphone','0726351519'),(16,213,'MSN','louis.neilson@hotmail.com'),(17,213,'Skype:','illyrian_za'),(18,262,'phone','0765094939'),(19,242,'Cell','0720537639');
/*!40000 ALTER TABLE `contacts` ENABLE KEYS */;
UNLOCK TABLES;

--
-- Table structure for table `nicks`
--

DROP TABLE IF EXISTS `nicks`;
SET @saved_cs_client     = @@character_set_client;
SET character_set_client = utf8;
CREATE TABLE `nicks` (
  `id` int(11) NOT NULL auto_increment,
  `player_id` int(11) default NULL,
  `nick` varchar(100) default NULL,
  PRIMARY KEY  (`id`)
) ENGINE=MyISAM AUTO_INCREMENT=405 DEFAULT CHARSET=latin1;
SET character_set_client = @saved_cs_client;

--
-- Dumping data for table `nicks`
--

LOCK TABLES `nicks` WRITE;
/*!40000 ALTER TABLE `nicks` DISABLE KEYS */;
INSERT INTO `nicks` VALUES (1,1,'aapie'),(2,2,'alcardu'),(3,4,'banzai'),(4,5,'basipooh'),(5,6,'birdwin'),(6,7,'black'),(7,8,'blizzy'),(8,9,'caster'),(9,10,'clitsybananas'),(10,11,'convergence'),(11,12,'demonik'),(12,13,'diedomeen'),(286,213,'illyrian'),(14,15,'doppl3r'),(15,16,'ecstasy'),(16,17,'flossie'),(17,18,'freez'),(18,19,'frenzy'),(19,20,'ganymede'),(20,21,'germrod'),(21,22,'guishou'),(22,23,'HorrorCast'),(23,24,'hudini'),(24,25,'illusion'),(25,26,'jitters'),(26,27,'-kasim-'),(27,28,'knoxx'),(28,29,'Lemon-GrasS'),(29,30,'leto'),(30,31,'machine'),(31,32,'moth'),(32,33,'mouth'),(33,34,'mrasssman'),(34,35,'nakor'),(35,36,'noitaerc'),(36,37,'noob_likevigoss'),(37,38,'Oorskiet-Kos'),(38,39,'pandatank'),(365,250,'Bishopking_Evox'),(40,41,'RandomHero'),(41,42,'remix11'),(42,43,'riseagainst'),(43,44,'sagie'),(44,45,'saidin'),(45,46,'scant'),(46,47,'scope'),(47,48,'shambles'),(48,49,'SixiS'),(49,50,'sLoJ'),(50,51,'smoke_t'),(51,52,'-SpHeRe-'),(52,53,'styx'),(53,54,'swissroll'),(54,55,'the_butcher'),(55,56,'totopooh'),(56,57,'uriel'),(57,58,'valprax'),(58,59,'vetoll'),(59,60,'vivi'),(60,61,'Vsdgkk'),(61,62,'Waz_maC'),(62,63,'wingster'),(63,64,'icallsolomid'),(64,65,'replaysnet'),(379,260,'chosen1'),(66,70,'elItISTJErk'),(216,25,'eL^Grande'),(68,71,'[ft]-[d]eath'),(69,73,'munch'),(70,74,'cerebral'),(71,75,'daekinho'),(404,49,'JJ`SixiS'),(73,77,'cookie-monster'),(338,238,'killercroc'),(340,239,'N3pHuS'),(342,240,'^Limit'),(79,107,'CereBros'),(80,83,'angel'),(81,106,'Stormlord'),(372,256,'amvros'),(83,82,'Totoro'),(238,48,'mizery^fu'),(85,102,'CorruptPanda'),(333,234,'NAto'),(87,104,'PhoBos'),(403,106,'chronosnova'),(90,113,'Teubreu'),(91,116,'xeRa'),(92,117,'azen'),(400,193,'Orange'),(95,128,'Light'),(357,245,'gx-karma-'),(97,131,'zark'),(219,191,'renegade-ops'),(387,262,']-[obo'),(160,31,'bvd`Machine'),(131,48,'mizery'),(356,244,'the_brains'),(134,174,'vits-winsrol'),(105,157,'taurine'),(130,83,'RoSe'),(398,236,'SAIHL'),(388,265,'VoCtroN'),(117,116,'[]CryT_T'),(253,52,'sphere'),(250,196,'ben'),(127,35,'jokes'),(348,23,'sinIsNight'),(222,23,'hc^st'),(266,44,'SaGE85'),(350,52,'skills'),(279,209,'reactioN'),(271,83,'kspr'),(141,50,'[s]LoJ'),(235,64,'squirrelywrath'),(364,231,'eAr'),(363,249,'radox'),(147,30,'PerfecT'),(161,117,'suggestions'),(353,50,'miNt-sLoJ'),(289,209,'poesgood'),(218,34,'bangla'),(217,15,'jihadjoe'),(164,18,'bvd`freez'),(319,225,'dr3xus'),(351,71,'Death'),(354,46,'remixdanny'),(334,235,'evax'),(306,217,'domianter'),(203,183,'crackboy'),(402,267,'rob_Bank'),(376,244,'FancyFootWork'),(182,8,'midas'),(246,194,'gangstar'),(184,179,'Rolliies'),(229,44,'S^gie'),(188,179,'iSpeakEngrish'),(189,180,'BonKerS'),(192,82,'Turtle-Roll'),(280,209,'JimmyTheHand'),(194,53,'Chainfire'),(255,1,'CpTamerica'),(197,182,'djvega'),(206,184,'syNdriN'),(358,242,'[8oR9]Sy[N]o[P]'),(213,190,'synergy'),(244,193,'_-1nsert-_'),(355,243,'raikiri'),(226,29,'lemon-gr^ss'),(275,207,'SaTiNsLaYeR'),(236,70,'houphouetboigny'),(237,106,'larrythecat'),(347,49,'JJ..SixiS'),(242,62,'bvb.strgstshell'),(346,242,'SyNoPTiCaL'),(345,180,'dedA^BonKerS'),(257,53,'UndeadPhoenix'),(259,11,'Kai-Rin'),(298,207,'loda-'),(262,201,'eos'),(264,58,'fueloffire'),(265,70,'AfroLaX'),(268,196,'absolute'),(269,203,'eleyna'),(270,204,'Rentius'),(272,205,'aion'),(273,206,'-blunt-'),(343,241,'^limit.'),(337,237,'aoe_fluffy'),(278,196,'[b].^'),(283,211,'voorhuid'),(287,213,'tenko'),(395,216,'LoDeR'),(303,214,'HumBLe'),(366,71,'ArtStyle'),(304,215,'impact'),(318,214,'th3_punishr'),(305,216,'kamos'),(316,224,'hemlock'),(308,219,'astra'),(309,220,'crook'),(310,194,'wololrus'),(311,117,'glitch'),(312,221,'xtrearer'),(314,223,'Grecko'),(335,236,'whiskey.^'),(325,229,'dominater'),(378,259,'STRONGESTSHIELD'),(328,230,'ZaBuZ4'),(329,231,'Smooth'),(330,232,'Craolia'),(380,225,'drexus'),(381,225,'tony_moneo'),(382,261,'golden_blizzard'),(383,262,'golden_biizzard'),(386,264,'Rilic'),(389,82,'glay'),(390,266,'ryuu'),(391,267,'d-o1shi'),(399,268,'hamstadawg'),(396,265,'AvenGeD'),(397,265,'[8oR9]VoCkY');
/*!40000 ALTER TABLE `nicks` ENABLE KEYS */;
UNLOCK TABLES;

--
-- Table structure for table `players`
--

DROP TABLE IF EXISTS `players`;
SET @saved_cs_client     = @@character_set_client;
SET character_set_client = utf8;
CREATE TABLE `players` (
  `id` int(11) NOT NULL auto_increment,
  `nick` varchar(100) NOT NULL,
  `cg` int(11) default '1',
  `trial` tinyint(1) default NULL,
  `numgames` int(11) default '0',
  `numcapts` int(11) default '0',
  `roll_wins` int(11) default '0',
  `roll_losses` int(11) default '0',
  `punished_at` datetime default '2009-05-01 00:00:00',
  `punishes` int(11) default '0',
  `created_at` timestamp NOT NULL default CURRENT_TIMESTAMP,
  PRIMARY KEY  (`id`)
) ENGINE=MyISAM AUTO_INCREMENT=269 DEFAULT CHARSET=latin1;
SET character_set_client = @saved_cs_client;

--
-- Dumping data for table `players`
--

LOCK TABLES `players` WRITE;
/*!40000 ALTER TABLE `players` DISABLE KEYS */;
INSERT INTO `players` VALUES (1,'aapie',1,0,1,0,0,0,'2009-05-01 00:00:00',0,'0000-00-00 00:00:00'),(2,'alcardu',1,0,1,1,0,0,'2009-05-01 00:00:00',0,'0000-00-00 00:00:00'),(4,'banzai',1,0,0,0,0,0,'2009-05-01 00:00:00',0,'0000-00-00 00:00:00'),(5,'basipooh',1,0,0,0,0,0,'2009-05-01 00:00:00',0,'0000-00-00 00:00:00'),(6,'birdwin',1,0,2,0,0,0,'2009-05-01 00:00:00',0,'0000-00-00 00:00:00'),(7,'black',1,0,0,0,0,0,'2009-05-01 00:00:00',0,'0000-00-00 00:00:00'),(8,'blizzy',3,0,50,19,21,22,'2009-05-01 00:00:00',0,'0000-00-00 00:00:00'),(9,'caster',1,0,2,0,18,11,'2009-05-01 00:00:00',0,'0000-00-00 00:00:00'),(10,'clitsybananas',1,0,6,2,3,6,'2009-05-01 00:00:00',0,'0000-00-00 00:00:00'),(11,'convergence',1,0,0,0,8,11,'2009-05-01 00:00:00',0,'0000-00-00 00:00:00'),(12,'demonik',1,0,0,0,0,0,'2009-05-01 00:00:00',0,'0000-00-00 00:00:00'),(13,'diedomeen',1,0,0,0,0,0,'2009-05-01 00:00:00',0,'0000-00-00 00:00:00'),(15,'doppl3r',1,0,1,0,0,0,'2009-05-01 00:00:00',0,'0000-00-00 00:00:00'),(16,'ecstasy',1,0,0,0,1,1,'2009-05-01 00:00:00',0,'0000-00-00 00:00:00'),(17,'flossie',1,0,0,0,1,1,'2009-05-01 00:00:00',0,'0000-00-00 00:00:00'),(18,'freez',1,0,6,1,1,1,'2009-05-01 00:00:00',0,'0000-00-00 00:00:00'),(19,'frenzy',1,0,6,1,2,5,'2009-05-01 00:00:00',0,'0000-00-00 00:00:00'),(20,'ganymede',1,0,0,0,1,1,'2009-05-01 00:00:00',0,'0000-00-00 00:00:00'),(21,'germrod',1,0,1,0,0,0,'2009-05-28 19:42:59',0,'0000-00-00 00:00:00'),(22,'guishou',1,0,0,0,0,0,'2009-05-01 00:00:00',0,'0000-00-00 00:00:00'),(23,'HorrorCast',1,0,43,4,3,6,'2009-05-01 00:00:00',0,'0000-00-00 00:00:00'),(24,'hudini',1,0,0,0,0,0,'2009-05-01 00:00:00',0,'0000-00-00 00:00:00'),(25,'illusion',1,0,0,0,0,0,'2009-05-01 00:00:00',0,'0000-00-00 00:00:00'),(26,'jitters',1,0,0,0,0,0,'2009-05-01 00:00:00',0,'0000-00-00 00:00:00'),(27,'-kasim-',1,0,0,0,0,0,'2009-05-01 00:00:00',0,'0000-00-00 00:00:00'),(28,'knoxx',1,0,0,0,0,0,'2009-05-01 00:00:00',0,'0000-00-00 00:00:00'),(29,'Lemon-GrasS',3,0,6,3,3,2,'2009-05-01 00:00:00',0,'0000-00-00 00:00:00'),(30,'leto',1,0,0,0,0,0,'2009-05-01 00:00:00',0,'0000-00-00 00:00:00'),(31,'machine',1,0,0,0,0,0,'2009-05-01 00:00:00',0,'0000-00-00 00:00:00'),(32,'moth',1,0,2,0,0,0,'2009-05-01 00:00:00',0,'0000-00-00 00:00:00'),(33,'mouth',1,0,0,0,0,0,'2009-05-01 00:00:00',0,'0000-00-00 00:00:00'),(34,'mrasssman',1,0,51,14,8,14,'2009-05-01 00:00:00',0,'0000-00-00 00:00:00'),(35,'nakor',3,0,51,14,26,17,'2009-05-01 00:00:00',0,'0000-00-00 00:00:00'),(36,'noitaerc',1,0,12,0,18,46,'2009-05-01 00:00:00',0,'0000-00-00 00:00:00'),(37,'noob_likevigoss',1,0,14,2,4,3,'2009-05-01 00:00:00',0,'0000-00-00 00:00:00'),(38,'Oorskiet-Kos',1,0,3,1,2,1,'2009-05-01 00:00:00',0,'0000-00-00 00:00:00'),(39,'pandatank',1,0,12,2,1,2,'2009-05-01 00:00:00',0,'0000-00-00 00:00:00'),(41,'RandomHero',1,0,0,0,0,0,'2009-05-01 00:00:00',0,'0000-00-00 00:00:00'),(42,'remix11',1,0,0,0,16,10,'2009-05-01 00:00:00',0,'0000-00-00 00:00:00'),(43,'riseagainst',1,0,0,0,0,0,'2009-05-01 00:00:00',0,'0000-00-00 00:00:00'),(44,'sagie',3,1,16,4,4,10,'2009-05-01 00:00:00',0,'0000-00-00 00:00:00'),(45,'saidin',1,0,0,0,0,0,'2009-05-01 00:00:00',0,'0000-00-00 00:00:00'),(46,'scant',3,0,100,39,28,21,'2009-05-01 00:00:00',0,'0000-00-00 00:00:00'),(47,'scope',1,0,0,0,0,0,'2009-05-01 00:00:00',0,'0000-00-00 00:00:00'),(48,'shambles',1,0,68,18,11,6,'2009-05-01 00:00:00',0,'0000-00-00 00:00:00'),(49,'SixiS',10,0,18,7,7,10,'2009-05-01 00:00:00',0,'0000-00-00 00:00:00'),(50,'sLoJ',3,0,24,4,9,9,'2009-05-01 00:00:00',0,'0000-00-00 00:00:00'),(51,'smoke_t',1,0,0,0,0,0,'2009-05-01 00:00:00',0,'0000-00-00 00:00:00'),(52,'-SpHeRe-',1,0,2,0,0,0,'2009-05-01 00:00:00',0,'0000-00-00 00:00:00'),(53,'styx',1,0,11,0,1,1,'2009-05-01 00:00:00',0,'0000-00-00 00:00:00'),(54,'swissroll',1,0,0,0,0,0,'2009-05-01 00:00:00',0,'0000-00-00 00:00:00'),(55,'the_butcher',1,0,0,0,0,0,'2009-05-01 00:00:00',0,'0000-00-00 00:00:00'),(56,'totopooh',1,0,0,0,0,0,'2009-05-01 00:00:00',0,'0000-00-00 00:00:00'),(57,'uriel',1,0,0,0,0,0,'2009-05-01 00:00:00',0,'0000-00-00 00:00:00'),(58,'valprax',1,0,67,8,8,6,'2009-05-01 00:00:00',0,'0000-00-00 00:00:00'),(59,'vetoll',1,0,0,0,0,0,'2009-05-01 00:00:00',0,'0000-00-00 00:00:00'),(60,'vivi',1,0,0,0,0,0,'2009-05-01 00:00:00',0,'0000-00-00 00:00:00'),(61,'Vsdgkk',1,0,1,0,0,0,'2009-05-01 00:00:00',0,'0000-00-00 00:00:00'),(62,'Waz_maC',3,0,46,13,25,19,'2009-05-01 00:00:00',0,'0000-00-00 00:00:00'),(63,'wingster',3,0,33,11,12,12,'2009-05-01 00:00:00',0,'0000-00-00 00:00:00'),(64,'icallsolomid',1,0,11,0,33,18,'2009-05-01 00:00:00',0,'0000-00-00 00:00:00'),(65,'replaysnet',1,0,0,0,0,0,'2009-05-01 00:00:00',0,'0000-00-00 00:00:00'),(241,'^limit.',1,1,0,0,0,0,'2009-05-01 00:00:00',0,'2009-07-08 22:37:30'),(70,'elItISTJErk',1,0,38,7,3,5,'2009-05-01 00:00:00',0,'0000-00-00 00:00:00'),(71,'[ft]-[d]eath',1,0,67,25,33,23,'2009-05-24 14:09:17',0,'0000-00-00 00:00:00'),(73,'munch',1,1,0,0,0,0,'2009-05-01 00:00:00',0,'0000-00-00 00:00:00'),(74,'cerebral',1,0,0,0,0,0,'2009-05-01 00:00:00',0,'0000-00-00 00:00:00'),(75,'daekinho',1,1,1,0,2,5,'2009-05-01 00:00:00',0,'0000-00-00 00:00:00'),(240,'^Limit',1,1,0,0,0,0,'2009-05-01 00:00:00',0,'2009-07-08 22:35:15'),(77,'cookie-monster',1,0,3,1,12,6,'2009-05-01 00:00:00',0,'0000-00-00 00:00:00'),(214,'HumBLe',1,1,7,0,13,13,'2009-05-01 00:00:00',0,'0000-00-00 00:00:00'),(235,'evax',1,1,12,0,0,0,'2009-05-01 00:00:00',0,'2009-07-06 10:35:58'),(236,'whiskey.^',1,1,3,0,15,14,'2009-05-01 00:00:00',0,'2009-07-06 15:59:17'),(107,'CereBros',1,1,0,0,0,0,'2009-05-01 00:00:00',0,'0000-00-00 00:00:00'),(83,'angel',3,0,41,9,27,30,'2009-05-01 00:00:00',0,'0000-00-00 00:00:00'),(106,'Stormlord',1,0,4,0,15,13,'2009-05-01 00:00:00',0,'0000-00-00 00:00:00'),(82,'Totoro',1,0,50,15,10,12,'2009-05-01 00:00:00',0,'0000-00-00 00:00:00'),(237,'aoe_fluffy',1,1,0,0,0,0,'2009-05-01 00:00:00',0,'2009-07-06 19:41:04'),(102,'CorruptPanda',1,1,0,0,0,0,'2009-05-01 00:00:00',0,'0000-00-00 00:00:00'),(104,'PhoBos',1,0,0,0,0,0,'2009-05-01 00:00:00',0,'0000-00-00 00:00:00'),(113,'Teubreu',1,0,0,0,0,0,'2009-05-01 00:00:00',0,'0000-00-00 00:00:00'),(116,'xeRa',1,0,14,2,21,15,'2009-05-01 00:00:00',0,'0000-00-00 00:00:00'),(117,'azen',1,0,2,0,4,3,'2009-05-01 00:00:00',0,'0000-00-00 00:00:00'),(128,'Light',1,0,2,0,2,3,'2009-05-01 00:00:00',0,'0000-00-00 00:00:00'),(131,'zark',1,0,2,0,2,4,'2009-05-01 00:00:00',0,'0000-00-00 00:00:00'),(230,'ZaBuZ4',1,1,4,0,12,13,'2009-05-01 00:00:00',0,'0000-00-00 00:00:00'),(209,'reactioN',1,1,28,0,13,9,'2009-05-01 00:00:00',0,'0000-00-00 00:00:00'),(204,'Rentius',1,0,13,1,18,21,'2009-05-01 00:00:00',0,'0000-00-00 00:00:00'),(191,'renegade-ops',1,1,0,0,0,0,'2009-05-01 00:00:00',0,'0000-00-00 00:00:00'),(259,'STRONGESTSHIELD',1,1,0,0,0,0,'2009-05-01 00:00:00',0,'2009-07-21 17:53:17'),(174,'vits-winsrol',1,1,0,0,0,0,'2009-05-01 00:00:00',0,'0000-00-00 00:00:00'),(217,'domianter',1,0,0,0,0,0,'2009-05-01 00:00:00',0,'0000-00-00 00:00:00'),(232,'Craolia',1,1,35,0,4,2,'2009-05-01 00:00:00',0,'0000-00-00 00:00:00'),(211,'voorhuid',1,1,1,0,2,3,'2009-05-01 00:00:00',0,'0000-00-00 00:00:00'),(157,'taurine',1,0,1,0,0,0,'2009-05-01 00:00:00',0,'0000-00-00 00:00:00'),(207,'SaTiNsLaYeR',1,1,2,0,2,2,'2009-05-01 00:00:00',0,'0000-00-00 00:00:00'),(206,'-blunt-',1,1,4,0,0,0,'2009-05-01 00:00:00',0,'0000-00-00 00:00:00'),(231,'Smooth',1,1,4,0,30,15,'2009-05-01 00:00:00',0,'0000-00-00 00:00:00'),(205,'aion',1,1,0,0,0,0,'2009-05-01 00:00:00',0,'0000-00-00 00:00:00'),(203,'eleyna',1,1,8,0,8,11,'2009-05-01 00:00:00',0,'0000-00-00 00:00:00'),(190,'synergy',1,0,11,1,2,4,'2009-05-01 00:00:00',0,'0000-00-00 00:00:00'),(225,'dr3xus',1,0,28,11,10,13,'2009-05-01 00:00:00',0,'0000-00-00 00:00:00'),(179,'Rolliies',1,1,0,0,0,0,'2009-05-01 00:00:00',0,'0000-00-00 00:00:00'),(180,'BonKerS',1,0,11,3,12,18,'2009-05-01 00:00:00',0,'0000-00-00 00:00:00'),(234,'NAto',1,1,5,0,1,1,'2009-05-01 00:00:00',0,'2009-07-06 06:51:28'),(194,'gangstar',1,0,3,0,0,0,'2009-05-01 00:00:00',0,'0000-00-00 00:00:00'),(182,'djvega',1,0,0,0,0,0,'2009-05-01 00:00:00',0,'0000-00-00 00:00:00'),(183,'crackboy',1,0,0,0,0,0,'2009-05-01 00:00:00',0,'0000-00-00 00:00:00'),(215,'impact',1,1,0,0,2,2,'2009-05-01 00:00:00',0,'0000-00-00 00:00:00'),(184,'syNdriN',1,0,0,0,0,0,'2009-05-01 00:00:00',0,'0000-00-00 00:00:00'),(229,'dominater',1,0,20,6,7,4,'2009-05-01 00:00:00',0,'0000-00-00 00:00:00'),(216,'kamos',1,1,3,0,0,0,'2009-05-01 00:00:00',0,'0000-00-00 00:00:00'),(249,'radox',1,0,47,6,8,11,'2009-05-01 00:00:00',0,'2009-07-19 12:40:47'),(193,'_-1nsert-_',1,0,0,0,0,0,'2009-05-01 00:00:00',0,'0000-00-00 00:00:00'),(238,'killercroc',1,1,1,0,1,1,'2009-05-01 00:00:00',0,'2009-07-06 20:42:33'),(196,'ben',1,0,28,4,33,44,'2009-05-01 00:00:00',0,'0000-00-00 00:00:00'),(239,'N3pHuS',1,1,0,0,0,0,'2009-05-01 00:00:00',0,'2009-07-07 09:41:14'),(213,'illyrian',1,1,3,0,43,42,'2009-05-01 00:00:00',0,'0000-00-00 00:00:00'),(201,'eos',1,0,2,0,0,0,'2009-05-01 00:00:00',0,'0000-00-00 00:00:00'),(219,'astra',1,1,63,0,66,61,'2009-05-01 00:00:00',0,'0000-00-00 00:00:00'),(220,'crook',1,1,1,0,2,2,'2009-05-01 00:00:00',0,'0000-00-00 00:00:00'),(224,'hemlock',1,1,0,0,0,0,'2009-05-01 00:00:00',0,'0000-00-00 00:00:00'),(221,'xtrearer',1,1,0,0,0,0,'2009-05-01 00:00:00',0,'0000-00-00 00:00:00'),(223,'Grecko',1,1,0,0,0,0,'2009-05-01 00:00:00',0,'0000-00-00 00:00:00'),(242,'SyNoPTiCaL',1,1,11,0,42,43,'2009-05-01 00:00:00',0,'2009-07-09 12:37:39'),(243,'raikiri',1,1,0,0,0,0,'2009-05-01 00:00:00',0,'2009-07-15 20:07:54'),(244,'the_brains',1,1,12,0,10,10,'2009-05-01 00:00:00',0,'2009-07-15 21:20:41'),(245,'gx-karma-',1,1,1,0,0,0,'2009-05-01 00:00:00',0,'2009-07-16 08:30:21'),(250,'Bishopking_Evox',1,1,2,0,8,7,'2009-05-01 00:00:00',0,'2009-07-19 18:09:28'),(256,'amvros',1,1,0,0,0,0,'2009-05-01 00:00:00',0,'2009-07-20 20:25:37'),(260,'chosen1',1,1,1,0,0,0,'2009-05-01 00:00:00',0,'2009-07-21 20:11:58'),(261,'golden_blizzard',1,1,0,0,0,0,'2009-05-01 00:00:00',0,'2009-07-22 19:35:20'),(262,'golden_biizzard',1,1,2,0,22,11,'2009-05-01 00:00:00',0,'2009-07-22 19:37:48'),(264,'Rilic',1,1,1,0,4,8,'2009-05-01 00:00:00',0,'2009-07-24 20:25:29'),(265,'VoCtroN',1,1,1,0,1,1,'2009-05-01 00:00:00',0,'2009-07-26 13:27:14'),(266,'ryuu',1,1,0,0,1,1,'2009-05-01 00:00:00',0,'2009-07-26 15:31:29'),(267,'d-o1shi',1,1,4,0,0,0,'2009-05-01 00:00:00',0,'2009-07-26 17:52:27'),(268,'hamstadawg',1,1,1,0,0,0,'2009-05-01 00:00:00',0,'2009-08-02 13:48:56');
/*!40000 ALTER TABLE `players` ENABLE KEYS */;
UNLOCK TABLES;
/*!40103 SET TIME_ZONE=@OLD_TIME_ZONE */;

/*!40101 SET SQL_MODE=@OLD_SQL_MODE */;
/*!40014 SET FOREIGN_KEY_CHECKS=@OLD_FOREIGN_KEY_CHECKS */;
/*!40014 SET UNIQUE_CHECKS=@OLD_UNIQUE_CHECKS */;
/*!40101 SET CHARACTER_SET_CLIENT=@OLD_CHARACTER_SET_CLIENT */;
/*!40101 SET CHARACTER_SET_RESULTS=@OLD_CHARACTER_SET_RESULTS */;
/*!40101 SET COLLATION_CONNECTION=@OLD_COLLATION_CONNECTION */;
/*!40111 SET SQL_NOTES=@OLD_SQL_NOTES */;

-- Dump completed on 2009-08-04 19:18:06
