-- MySQL dump 10.11
--
-- Host: localhost    Database: saihl2
-- ------------------------------------------------------
-- Server version	5.0.75-0ubuntu10.5

/*!40101 SET @OLD_CHARACTER_SET_CLIENT=@@CHARACTER_SET_CLIENT */;
/*!40101 SET @OLD_CHARACTER_SET_RESULTS=@@CHARACTER_SET_RESULTS */;
/*!40101 SET @OLD_COLLATION_CONNECTION=@@COLLATION_CONNECTION */;
/*!40101 SET NAMES utf8 */;
/*!40103 SET @OLD_TIME_ZONE=@@TIME_ZONE */;
/*!40103 SET TIME_ZONE='+00:00' */;
/*!40014 SET @OLD_UNIQUE_CHECKS=@@UNIQUE_CHECKS, UNIQUE_CHECKS=0 */;
/*!40014 SET @OLD_FOREIGN_KEY_CHECKS=@@FOREIGN_KEY_CHECKS, FOREIGN_KEY_CHECKS=0 */;
/*!40101 SET @OLD_SQL_MODE=@@SQL_MODE, SQL_MODE='NO_AUTO_VALUE_ON_ZERO' */;
/*!40111 SET @OLD_SQL_NOTES=@@SQL_NOTES, SQL_NOTES=0 */;

--
-- Table structure for table `contacts`
--

DROP TABLE IF EXISTS `contacts`;
SET @saved_cs_client     = @@character_set_client;
SET character_set_client = utf8;
CREATE TABLE `contacts` (
  `id` bigint(20) unsigned NOT NULL auto_increment,
  `player_id` int(11) NOT NULL,
  `contact_type` varchar(255) default NULL,
  `contact_details` varchar(255) default NULL,
  UNIQUE KEY `id` (`id`)
) ENGINE=MyISAM AUTO_INCREMENT=85 DEFAULT CHARSET=latin1;
SET character_set_client = @saved_cs_client;

--
-- Dumping data for table `contacts`
--

LOCK TABLES `contacts` WRITE;
/*!40000 ALTER TABLE `contacts` DISABLE KEYS */;
INSERT INTO `contacts` VALUES (1,14,'Cellphone','0761304667'),(2,75,'cellphone','0764208615'),(3,176,'Skype','shaun-kluch'),(4,176,'Cell','0842499464'),(16,57,'Cellphone','0842488888'),(6,27,'Cell','0765094939'),(7,93,'cellphone','0834529607'),(8,85,'phone','0769548530'),(9,84,'cellphone','0834779431'),(10,100,'Cell','0732336344'),(11,203,'Cell','0720537639'),(13,85,'phone2','0846451129'),(15,17,'Cellphone','0781958280'),(18,85,'cell3','0726185202'),(19,221,'Cell:','0723875135'),(20,78,'Cellphone','0713826676'),(21,88,'Number','082'),(22,88,'Number','0822103753'),(23,224,'074','1132'),(24,11,'cell','0845808259'),(71,314,'Cell:','0739260936'),(72,267,'cellphone','0836048124'),(29,224,'cellphone:','0741132085'),(30,26,'ur','moms'),(31,47,'cellphone','0724868308-sms'),(32,206,'Cellnumber','0842328463'),(33,88,'E-mail','VoCtroN@gmail.com'),(34,17,'E-mail','nyad55@gmail.com'),(35,194,'E-MAIL','goddy.roodt@gmail.com'),(36,183,'phone','0793670407'),(37,85,'email','r00ib0s@hotmail.com'),(38,183,'email','thewelzee@gmail.com'),(39,27,'email','stuartpearson27@gmail.com'),(40,21,'email','thetimpson@gmail.com'),(41,62,'cellfone','0824647662'),(70,307,'cellphone','0846025883'),(54,202,'Phone','0847842760'),(45,127,'cell','0719464931'),(50,228,'Cellphon','0833030878'),(68,316,'CellphoneNo','0836499828'),(69,267,'cellphone','{nr}'),(51,21,'Cell:','0823820283'),(52,58,'<contact','type>'),(53,194,'cellphone','0743349975'),(55,116,'cellphone','0722201259'),(56,187,'Cell','076'),(57,17,'Cellphone','numbes'),(58,187,'Phone','0764789841\\'),(59,187,'LOL','SUP?\\'),(60,21,'fucku','0711123613'),(61,248,'Cell','0764789841'),(62,252,'CellNumber','071-382-6676'),(63,251,'number','0825579931'),(64,19,'number','0718430659'),(65,255,'cell','0769548530'),(77,98,'cell','0828215904'),(67,245,'cell','0726351519'),(73,258,'phone','0825579931'),(74,332,'Cellphone','0823427148'),(75,319,'cellphone','0845569924'),(76,317,'Cellphone','0722201259'),(78,326,'cell','0766756679'),(79,224,'074','113'),(80,69,'cell','0828933655'),(81,114,'072','5102748'),(82,266,'homephone','0215322550'),(83,311,'Phone','0845832346'),(84,312,'phone','072');
/*!40000 ALTER TABLE `contacts` ENABLE KEYS */;
UNLOCK TABLES;

--
-- Table structure for table `nicks`
--

DROP TABLE IF EXISTS `nicks`;
SET @saved_cs_client     = @@character_set_client;
SET character_set_client = utf8;
CREATE TABLE `nicks` (
  `id` int(11) NOT NULL auto_increment,
  `player_id` int(11) default NULL,
  `nick` varchar(100) default NULL,
  PRIMARY KEY  (`id`)
) ENGINE=MyISAM AUTO_INCREMENT=658 DEFAULT CHARSET=latin1;
SET character_set_client = @saved_cs_client;

--
-- Dumping data for table `nicks`
--

LOCK TABLES `nicks` WRITE;
/*!40000 ALTER TABLE `nicks` DISABLE KEYS */;
INSERT INTO `nicks` VALUES (1,1,'SixiS'),(523,294,'geijin'),(21,14,'ILLYRIAN'),(443,246,'mortal'),(19,12,'ryuu'),(463,252,'[s]ame'),(17,1,'JJ`SixiS'),(23,16,'Doppl3R'),(24,17,'Nyad'),(25,18,'xeRa'),(26,18,'[]CryT_T'),(27,19,'.snoW'),(28,20,'aion'),(534,305,'kasim'),(532,303,'pcc'),(564,317,'sw33tlou62'),(32,24,'birdwin'),(525,296,'draconium'),(34,26,'-blunt-'),(36,28,'bwn2pwn'),(37,29,'Cerebral'),(516,287,'dark_bankai'),(513,284,'fancy-pants'),(40,32,'Convergence'),(41,33,'grecko'),(530,301,'kickthekids'),(582,98,'strdr'),(44,36,'grim'),(45,37,'hallow'),(581,55,'shadoweater'),(512,283,'FluRO'),(48,40,'Daekinho'),(49,41,'skaduwee'),(578,322,'supakoopa'),(51,43,'impact'),(511,282,'cidic'),(53,45,'ah_'),(598,327,'celestial_fever'),(624,266,'soul_asylum'),(56,48,'HeiNeKeN'),(509,280,'tiamo'),(508,279,'murderstar'),(61,53,'jitters'),(62,54,'AvA-aRkAnOiD'),(63,55,'MytH'),(64,56,'oDu'),(65,57,'DoNuTT'),(66,58,'maestro]'),(67,59,'eCho'),(414,232,'younoobandhack'),(527,298,'blur'),(480,263,'burNIng'),(73,65,'end3r'),(74,66,'nappa'),(75,67,'farstar'),(524,295,'drgreen'),(77,69,'Fear'),(369,221,'Flarez711'),(80,72,'nox'),(566,317,'plic'),(82,74,'!zabuz4'),(379,224,'FeeDBacK'),(87,79,'Rentius\'sMom'),(510,281,'1reaper1'),(89,81,'Brainstorm'),(90,82,'KaMoS'),(506,268,'Host-Raper'),(458,252,'MaJesTiQ'),(392,228,'Smooth'),(519,290,'teicho'),(97,89,'viruz'),(98,90,'visionsofautumn'),(99,91,'trojent'),(100,92,'TributE2TerrY'),(101,93,'The_Legionaire'),(102,94,'remix11'),(520,291,'apocoliptic'),(469,258,'em0_llama'),(105,96,'satinslayer'),(107,98,'STR1D3R'),(108,99,'Sheepbot'),(109,100,'SlynCky'),(110,101,'shifter'),(521,292,'[dl]zwetch'),(112,103,'SiD24'),(113,104,'shoprite_packet'),(114,105,'zabuz4'),(115,14,'SheLookedLvl18'),(116,16,'jihadjoe'),(561,16,'LOOKaNinjaPanda'),(318,26,'radox.'),(120,65,'NsF-_-EnD'),(442,245,'Rentius'),(394,26,'blunt_mac'),(123,17,'Kaq'),(640,17,'ThePatience'),(125,106,'CLITSYBANANAS'),(597,28,'MARSHALL_2'),(528,299,'cyrus'),(321,199,'astra'),(518,289,'hawk'),(517,288,'confu3'),(490,103,'KuJo'),(413,56,'HERO'),(365,132,'frentic'),(472,260,'h0Bo_17'),(311,194,'ViVi'),(139,110,'alcardu'),(141,112,'knoxx'),(142,66,'nsf-_-huggies'),(411,58,'LoLdA'),(144,81,'Strange_weather'),(400,58,'Griz'),(148,12,'Atmosphere'),(657,355,'akuryou-sama'),(150,93,'psycho_gjost'),(151,93,'noezzz'),(152,113,'wingster'),(153,114,'GLITCH'),(154,115,'Death'),(533,304,'s33d'),(156,117,'munk'),(457,114,'_827'),(158,118,'aapie'),(159,118,'CpTamerica'),(160,119,'blizzy'),(161,119,'midas'),(162,120,'caster'),(163,121,'ecstasy'),(164,122,'freez'),(165,122,'bvd`freez'),(166,123,'frenzy'),(167,124,'ganymede'),(168,125,'guishou'),(169,126,'illusion'),(170,126,'eL^Grande'),(171,127,'Lemon-GrasS'),(172,127,'lemon-gr^ss'),(173,127,'a_player123'),(174,128,'leto'),(175,128,'PerfecT'),(176,129,'machine'),(177,129,'bvd`Machine'),(359,218,'mrasssman'),(180,131,'nakor'),(181,131,'jokes'),(182,132,'noob_likevigoss'),(183,133,'pandatank'),(184,134,'RandomHero'),(185,135,'sagie'),(186,135,'SaGE85'),(187,135,'S^gie'),(188,136,'saidin'),(189,136,'nidias'),(653,312,'mikes'),(486,268,'FROSTBlTE'),(481,264,'scant'),(193,138,'sLoJ'),(194,138,'[s]LoJ'),(195,138,'gg'),(196,139,'smoke_t'),(197,140,'valprax'),(198,140,'roseduke'),(199,140,'fueloffire'),(200,141,'comedy'),(201,141,'waz_mac'),(202,142,'replaysnet'),(203,143,'juliuscaez0r'),(204,144,'phenix'),(373,222,'xeiios'),(483,114,'Azen'),(482,265,'kspr'),(208,147,'st1d3r'),(209,148,'totoro'),(210,148,'lin888'),(211,149,'prod_e-g'),(212,150,'moth'),(213,151,'hiro_nakamora'),(555,316,'njarfie'),(554,315,'onigami'),(553,267,'_Ykv'),(217,153,'STRONGESTSHIELD'),(218,154,'voorhuid'),(219,155,'BonKerS'),(220,155,'dedA^BonKerS'),(221,155,'UnK-BonKerS'),(222,156,'phobos'),(223,157,'syNdriN'),(372,158,'pigeon'),(225,158,'radox'),(226,158,'n3komatA'),(227,159,'Orange'),(228,159,'_-1nsert-_'),(229,160,'eos'),(230,161,'accounting'),(231,162,'skills'),(232,162,'pr1zm'),(233,162,'sphere'),(234,163,'angel'),(235,164,'mortlol'),(236,165,'light'),(237,166,'SlightofHand'),(238,166,'RoSe'),(239,166,'smke'),(331,92,'[8oR9]Trib2TerY'),(330,203,'SyNoPTiCaL'),(243,168,'-drkang3l-'),(244,168,'-luvs2_Spo0dgz-'),(245,169,'squirrelywrath'),(246,170,'Mizery'),(247,170,'shambles'),(248,171,'countess'),(249,172,'glay'),(250,173,'PusHeR'),(252,14,'TeNko'),(253,99,'innuendo'),(254,174,'cookie-monster'),(632,98,'Mike'),(606,260,'--B0N3CRU2H--'),(257,175,'DeMoNiK'),(507,278,'kick-th3_can'),(261,177,'Spyder-MaX'),(459,253,'muis'),(263,96,'loda-'),(324,201,'zark'),(265,177,'Tanker'),(605,19,'apparently'),(269,57,'Party_Platter'),(495,274,'_-S4-_KroNoS'),(323,106,'bouncy'),(529,300,'dominater'),(393,203,'Disruption'),(504,274,'DistIlleD'),(277,183,'Kalcium'),(473,260,'Yasin_Jones'),(654,183,'number3'),(425,82,'LoDeR'),(650,69,'halio'),(283,186,'synergy'),(375,223,'BLERGHH'),(376,203,'--aNarchy--'),(515,286,'gromett'),(576,321,'std'),(531,302,'phant1m'),(631,255,'redbushrobbyyy'),(485,267,'Yakov'),(298,40,'ohNIKEa'),(300,24,'Sugar'),(322,200,'cole'),(484,266,'[kez]luck3r'),(646,337,'Uzziel'),(649,352,'afrolax'),(497,276,'convenant'),(439,242,'-ThoR-'),(313,196,'Car-a-carn'),(526,297,'kluch'),(317,198,'dr3xus'),(568,28,'CheaP_Styles'),(320,41,'JailBait'),(535,306,'kaira'),(329,202,'[WarChief]'),(496,275,'honestly'),(333,205,'cheeseburgaeddy'),(334,206,'GiNjA'),(389,92,'T2T'),(419,67,'power_sauce'),(387,226,'sharpclaw'),(522,293,'nitricity'),(633,336,'VEGETA'),(342,94,'taurine'),(343,94,'[]phoenix'),(344,206,'C0nFu3'),(345,208,'vsdgkk'),(514,285,'when'),(449,249,'aspekt'),(351,212,'Chaos_Unleashed'),(395,228,'eAr'),(415,32,'kai-rin'),(505,277,'daemon_hanky'),(356,216,'biizzard'),(651,353,'alchemy'),(362,219,'(LinK)'),(652,221,'flarez'),(540,309,'leap'),(430,235,'_DesTinATioN_'),(401,183,'betterThanYours'),(487,269,'SEDATION'),(461,32,'slaVe_boi69'),(420,233,'captain_assid'),(421,226,'poisoninsignia'),(466,255,'-Roo]l[boS-'),(423,235,'frozenyoghurt'),(424,222,'HumBle'),(465,254,'O_Mall3y'),(427,202,'butters^'),(432,67,'dagonlycan'),(444,247,'habit'),(435,238,'eeZy'),(537,302,'rabbid'),(538,307,'mae'),(541,274,'KroNoS'),(542,59,'chucky'),(545,311,'darkprophet'),(544,292,'Zwetch'),(639,307,'Daewen'),(644,18,'TheStC'),(549,221,'11Larefz7'),(550,312,'visrucis'),(551,313,'bestonserver'),(552,314,'AugustanA'),(643,69,'babypowder'),(589,307,'valkyrie'),(560,317,'xxxplic8'),(559,311,'anor-sexy-a'),(562,318,'logo_fpoo'),(567,319,'thegAmBit'),(574,245,'SuitneR'),(573,315,'Onigiri'),(579,255,'l0-buckwhore'),(580,283,'bev'),(596,326,'TriStar'),(592,326,'-xeroX-'),(591,106,'bananaS'),(602,326,'desigN'),(599,328,'CaViE'),(600,266,'panikc'),(601,329,'distort'),(603,330,'remixdanny'),(604,331,'BlueMonKey'),(607,332,'the_krucifier'),(608,333,'revoker'),(609,334,'nobodynoddy'),(614,338,'nakedpengwin'),(611,336,'Gaskoon'),(612,336,'witchking'),(613,337,'ironsoul'),(615,339,'ench'),(617,206,'ginjew'),(621,342,'ratthing'),(619,341,'Nsanity'),(622,280,'aln'),(623,343,'tibbar'),(625,242,'ThoR'),(647,351,'lino'),(645,314,'Qrusher101'),(630,348,'nicely'),(655,354,'demon_dk'),(656,355,'Demon');
/*!40000 ALTER TABLE `nicks` ENABLE KEYS */;
UNLOCK TABLES;

--
-- Table structure for table `players`
--

DROP TABLE IF EXISTS `players`;
SET @saved_cs_client     = @@character_set_client;
SET character_set_client = utf8;
CREATE TABLE `players` (
  `id` int(11) NOT NULL auto_increment,
  `nick` varchar(100) NOT NULL,
  `cg` int(11) default '1',
  `trial` tinyint(1) default NULL,
  `ihl` tinyint(1) default NULL,
  `numgames` int(11) default '0',
  `numcapts` int(11) default '0',
  `roll_wins` int(11) default '0',
  `roll_losses` int(11) default '0',
  `punished_at` datetime default '2009-05-01 00:00:00',
  `punishes` int(11) default '0',
  `created_at` timestamp NOT NULL default CURRENT_TIMESTAMP,
  PRIMARY KEY  (`id`)
) ENGINE=MyISAM AUTO_INCREMENT=356 DEFAULT CHARSET=latin1;
SET character_set_client = @saved_cs_client;

--
-- Dumping data for table `players`
--

LOCK TABLES `players` WRITE;
/*!40000 ALTER TABLE `players` DISABLE KEYS */;
INSERT INTO `players` VALUES (1,'SixiS',15,0,NULL,0,0,4,7,'2009-05-01 00:00:00',0,'2010-01-13 16:40:27'),(12,'ryuu',2,0,NULL,38,7,8,8,'2009-05-01 00:00:00',0,'2010-01-17 16:07:48'),(246,'mortal',1,0,NULL,3,2,2,2,'2009-05-01 00:00:00',0,'2010-03-08 18:45:24'),(14,'ILLYRIAN',10,0,NULL,46,5,56,69,'2009-05-01 00:00:00',0,'2010-01-17 16:08:14'),(269,'SEDATION',1,1,NULL,6,0,0,0,'2009-05-01 00:00:00',0,'2010-06-14 18:49:35'),(16,'Doppl3R',10,0,NULL,49,25,33,28,'2009-05-01 00:00:00',0,'2010-01-17 16:08:33'),(17,'Nyad',3,0,NULL,195,31,76,75,'2009-05-01 00:00:00',0,'2010-01-17 16:09:16'),(18,'xeRa',1,0,NULL,33,9,40,34,'2009-05-01 00:00:00',0,'2010-01-17 16:13:30'),(19,'.snoW',1,0,NULL,20,3,50,67,'2010-01-20 23:15:23',1,'2010-01-17 16:18:38'),(20,'aion',1,0,NULL,4,2,1,1,'2009-05-01 00:00:00',0,'2010-01-17 16:19:37'),(302,'phant1m',1,1,NULL,0,0,0,0,'2009-05-01 00:00:00',0,'2010-07-02 21:50:27'),(319,'thegAmBit',1,1,NULL,6,0,1,1,'2009-05-01 00:00:00',0,'2010-08-13 10:14:15'),(24,'birdwin',1,0,NULL,8,1,6,7,'2009-05-01 00:00:00',0,'2010-01-17 16:20:03'),(26,'-blunt-',1,0,NULL,7,0,28,25,'2009-05-01 00:00:00',0,'2010-01-17 16:20:17'),(28,'bwn2pwn',1,0,NULL,39,3,55,65,'2009-05-01 00:00:00',0,'2010-01-17 16:20:24'),(29,'Cerebral',1,0,NULL,6,1,6,8,'2009-05-01 00:00:00',0,'2010-01-17 16:20:31'),(289,'hawk',1,1,NULL,0,0,0,0,'2009-05-01 00:00:00',0,'2010-07-02 21:48:41'),(32,'Convergence',1,0,NULL,8,0,6,6,'2009-05-01 00:00:00',0,'2010-01-17 16:20:49'),(33,'grecko',1,0,NULL,22,4,13,7,'2009-05-01 00:00:00',0,'2010-01-17 16:20:53'),(300,'dominater',1,1,NULL,0,0,0,0,'2009-05-01 00:00:00',0,'2010-07-02 21:50:13'),(36,'grim',1,0,NULL,11,1,67,76,'2009-05-01 00:00:00',0,'2010-01-17 16:20:56'),(37,'hallow',1,0,NULL,23,5,23,28,'2010-01-24 12:10:53',1,'2010-01-17 16:20:59'),(40,'Daekinho',3,0,NULL,24,3,14,9,'2009-05-01 00:00:00',0,'2010-01-17 16:21:06'),(41,'skaduwee',1,1,NULL,2,0,19,23,'2009-05-01 00:00:00',0,'2010-01-17 16:21:08'),(43,'impact',1,0,NULL,0,0,0,0,'2009-05-01 00:00:00',0,'2010-01-17 16:21:31'),(287,'dark_bankai',1,1,NULL,0,0,0,0,'2009-05-01 00:00:00',0,'2010-07-02 21:48:29'),(45,'ah_',1,0,NULL,7,0,1,1,'2009-05-01 00:00:00',0,'2010-01-17 16:21:49'),(263,'burNIng',1,0,NULL,0,0,17,19,'2009-05-01 00:00:00',0,'2010-05-12 20:19:09'),(48,'HeiNeKeN',1,0,NULL,34,0,0,0,'2009-05-01 00:00:00',0,'2010-01-17 16:22:07'),(283,'FluRO',1,1,NULL,1,0,2,2,'2009-05-01 00:00:00',0,'2010-07-02 21:48:06'),(284,'fancy-pants',1,1,NULL,0,0,0,0,'2009-05-01 00:00:00',0,'2010-07-02 21:48:14'),(53,'jitters',1,0,NULL,1,0,0,0,'2009-05-01 00:00:00',0,'2010-01-17 16:22:36'),(54,'AvA-aRkAnOiD',1,1,NULL,0,0,0,0,'2009-05-01 00:00:00',0,'2010-01-17 16:22:39'),(55,'MytH',1,0,NULL,3,2,3,3,'2009-05-01 00:00:00',0,'2010-01-17 16:22:40'),(56,'oDu',1,0,NULL,43,1,83,92,'2009-05-01 00:00:00',0,'2010-01-17 16:22:43'),(57,'DoNuTT',1,0,NULL,25,5,26,35,'2009-05-01 00:00:00',0,'2010-01-17 16:22:47'),(58,'maestro]',3,0,NULL,40,26,51,72,'2009-05-01 00:00:00',0,'2010-01-17 16:22:49'),(59,'eCho',1,0,NULL,74,18,44,55,'2010-04-26 19:25:18',2,'2010-01-17 16:22:50'),(299,'cyrus',1,1,NULL,0,0,0,0,'2009-05-01 00:00:00',0,'2010-07-02 21:50:05'),(65,'end3r',1,0,NULL,53,18,34,39,'2009-05-01 00:00:00',0,'2010-01-17 16:23:09'),(66,'nappa',1,0,NULL,32,5,38,31,'2009-05-01 00:00:00',0,'2010-01-17 16:23:11'),(67,'farstar',1,0,NULL,25,1,11,13,'2009-05-01 00:00:00',0,'2010-01-17 16:23:14'),(296,'draconium',1,0,NULL,12,0,24,12,'2009-05-01 00:00:00',0,'2010-07-02 21:49:37'),(69,'Fear',3,0,NULL,51,11,145,138,'2009-05-01 00:00:00',0,'2010-01-17 16:23:19'),(72,'nox',1,0,NULL,0,0,15,11,'2009-05-01 00:00:00',0,'2010-01-17 16:23:26'),(74,'!zabuz4',1,0,NULL,0,0,0,0,'2009-05-01 00:00:00',0,'2010-01-17 16:23:36'),(255,'-Roo]l[boS-',1,0,NULL,22,2,12,9,'2009-05-01 00:00:00',0,'2010-04-08 18:33:57'),(79,'Rentius\'sMom',1,1,NULL,0,0,0,0,'2009-05-01 00:00:00',0,'2010-01-17 16:24:41'),(223,'BLERGHH',1,1,NULL,2,0,10,6,'2009-05-01 00:00:00',0,'2010-02-04 15:37:40'),(81,'Brainstorm',1,0,NULL,6,0,3,2,'2009-05-01 00:00:00',0,'2010-01-17 16:25:23'),(82,'KaMoS',1,1,NULL,8,0,31,16,'2009-05-01 00:00:00',0,'2010-01-17 16:25:29'),(317,'xxxplic8',3,0,NULL,49,26,42,45,'2009-05-01 00:00:00',0,'2010-08-07 07:43:20'),(89,'viruz',1,0,NULL,7,0,15,14,'2009-05-01 00:00:00',0,'2010-01-17 16:26:32'),(90,'visionsofautumn',1,0,NULL,11,0,0,0,'2009-05-01 00:00:00',0,'2010-01-17 16:26:49'),(91,'trojent',1,0,NULL,2,1,3,2,'2009-05-01 00:00:00',0,'2010-01-17 16:26:58'),(92,'TributE2TerrY',1,0,NULL,38,14,91,87,'2009-05-01 00:00:00',0,'2010-01-17 16:27:12'),(93,'The_Legionaire',1,0,NULL,61,21,93,95,'2009-05-01 00:00:00',0,'2010-01-17 16:27:24'),(94,'remix11',1,0,NULL,1,0,7,11,'2009-05-01 00:00:00',0,'2010-01-17 16:27:27'),(294,'geijin',1,1,NULL,1,0,20,22,'2009-05-01 00:00:00',0,'2010-07-02 21:49:25'),(96,'satinslayer',1,0,NULL,15,0,13,7,'2009-05-01 00:00:00',0,'2010-01-17 16:27:44'),(98,'STR1D3R',1,0,NULL,57,13,53,44,'2009-05-01 00:00:00',0,'2010-01-17 16:27:55'),(99,'Sheepbot',1,0,NULL,9,3,18,19,'2009-05-01 00:00:00',0,'2010-01-17 16:28:09'),(100,'SlynCky',1,0,NULL,5,0,2,2,'2009-05-01 00:00:00',0,'2010-01-17 16:28:13'),(101,'shifter',1,0,NULL,1,0,21,11,'2009-05-01 00:00:00',0,'2010-01-17 16:28:14'),(103,'SiD24',1,0,NULL,16,2,9,9,'2009-05-01 00:00:00',0,'2010-01-17 16:28:30'),(104,'shoprite_packet',1,0,NULL,1,1,4,3,'2009-05-01 00:00:00',0,'2010-01-17 16:28:37'),(105,'zabuz4',1,0,NULL,8,1,6,6,'2009-05-01 00:00:00',0,'2010-01-17 16:30:31'),(106,'CLITSYBANANAS',1,0,NULL,44,5,16,15,'2009-05-01 00:00:00',0,'2010-01-17 17:03:02'),(290,'teicho',1,1,NULL,0,0,0,0,'2009-05-01 00:00:00',0,'2010-07-02 21:48:48'),(110,'alcardu',1,0,NULL,0,0,0,0,'2009-05-01 00:00:00',0,'2010-01-17 20:15:05'),(112,'knoxx',1,0,NULL,17,0,6,5,'2009-05-01 00:00:00',0,'2010-01-17 20:23:47'),(113,'wingster',1,0,NULL,23,6,4,5,'2009-05-01 00:00:00',0,'2010-01-18 20:19:48'),(114,'GLITCH',1,0,NULL,37,18,26,21,'2009-05-01 00:00:00',0,'2010-01-18 20:27:45'),(115,'Death',1,0,NULL,30,3,8,9,'2009-05-01 00:00:00',0,'2010-01-18 20:54:24'),(117,'munk',1,1,NULL,17,0,0,0,'2009-05-01 00:00:00',0,'2010-01-18 21:15:10'),(118,'aapie',1,NULL,1,0,0,0,0,'2009-05-01 00:00:00',0,'2010-01-18 22:05:33'),(119,'blizzy',1,0,1,7,1,1,1,'2009-05-01 00:00:00',0,'2010-01-18 22:05:33'),(120,'caster',1,NULL,1,5,0,19,23,'2009-05-01 00:00:00',0,'2010-01-18 22:05:33'),(121,'ecstasy',1,NULL,1,3,0,0,0,'2009-05-01 00:00:00',0,'2010-01-18 22:05:33'),(122,'freez',1,NULL,1,0,0,0,0,'2009-05-01 00:00:00',0,'2010-01-18 22:05:33'),(123,'frenzy',1,NULL,1,11,0,3,3,'2009-05-01 00:00:00',0,'2010-01-18 22:05:33'),(124,'ganymede',1,NULL,1,0,0,0,0,'2009-05-01 00:00:00',0,'2010-01-18 22:05:33'),(125,'guishou',1,NULL,1,0,0,0,0,'2009-05-01 00:00:00',0,'2010-01-18 22:05:33'),(126,'illusion',1,NULL,1,1,0,0,0,'2009-05-01 00:00:00',0,'2010-01-18 22:05:33'),(127,'Lemon-GrasS',1,0,1,11,0,0,0,'2009-05-01 00:00:00',0,'2010-01-18 22:05:33'),(128,'leto',1,0,1,18,2,5,14,'2009-05-01 00:00:00',0,'2010-01-18 22:05:33'),(129,'machine',1,NULL,1,0,0,0,0,'2009-05-01 00:00:00',0,'2010-01-18 22:05:33'),(131,'nakor',1,NULL,1,10,0,6,5,'2009-05-01 00:00:00',0,'2010-01-18 22:05:33'),(132,'noob_likevigoss',1,NULL,1,3,0,0,0,'2009-05-01 00:00:00',0,'2010-01-18 22:05:33'),(133,'pandatank',1,NULL,1,2,0,0,0,'2009-05-01 00:00:00',0,'2010-01-18 22:05:33'),(134,'RandomHero',1,NULL,1,0,0,0,0,'2009-05-01 00:00:00',0,'2010-01-18 22:05:33'),(135,'sagie',1,NULL,1,2,0,0,0,'2009-05-01 00:00:00',0,'2010-01-18 22:05:33'),(136,'saidin',1,NULL,1,0,0,0,0,'2009-05-01 00:00:00',0,'2010-01-18 22:05:33'),(138,'sLoJ',1,NULL,1,1,0,3,3,'2009-05-01 00:00:00',0,'2010-01-18 22:05:33'),(139,'smoke_t',1,NULL,1,1,0,0,0,'2009-05-01 00:00:00',0,'2010-01-18 22:05:33'),(140,'valprax',1,NULL,1,15,-1,1,1,'2010-01-28 13:56:02',1,'2010-01-18 22:05:33'),(141,'waz_mac',1,0,1,70,2,20,24,'2009-05-01 00:00:00',0,'2010-01-18 22:05:33'),(142,'replaysnet',1,NULL,1,0,0,0,0,'2009-05-01 00:00:00',0,'2010-01-18 22:05:33'),(143,'juliuscaez0r',1,NULL,1,0,0,0,0,'2009-05-01 00:00:00',0,'2010-01-18 22:05:33'),(144,'phenix',1,NULL,1,0,0,0,0,'2009-05-01 00:00:00',0,'2010-01-18 22:05:33'),(147,'st1d3r',1,NULL,1,0,0,6,5,'2009-05-01 00:00:00',0,'2010-01-18 22:05:33'),(148,'totoro',1,NULL,1,1,0,0,0,'2009-05-01 00:00:00',0,'2010-01-18 22:05:33'),(149,'prod_e-g',1,NULL,1,0,0,0,0,'2009-05-01 00:00:00',0,'2010-01-18 22:05:33'),(150,'moth',1,NULL,1,0,0,0,0,'2009-05-01 00:00:00',0,'2010-01-18 22:05:33'),(151,'hiro_nakamora',1,NULL,1,0,0,0,0,'2009-05-01 00:00:00',0,'2010-01-18 22:05:33'),(321,'std',1,1,NULL,1,0,47,50,'2009-05-01 00:00:00',0,'2010-08-26 15:23:19'),(153,'STRONGESTSHIELD',1,NULL,1,0,0,0,0,'2009-05-01 00:00:00',0,'2010-01-18 22:05:33'),(154,'voorhuid',1,NULL,1,1,0,0,0,'2009-05-01 00:00:00',0,'2010-01-18 22:05:33'),(155,'BonKerS',1,NULL,1,2,0,0,0,'2009-05-01 00:00:00',0,'2010-01-18 22:05:33'),(156,'phobos',1,NULL,1,6,0,0,0,'2009-05-01 00:00:00',0,'2010-01-18 22:05:33'),(157,'syNdriN',1,NULL,1,0,0,0,0,'2009-05-01 00:00:00',0,'2010-01-18 22:05:33'),(158,'radox',1,NULL,1,5,0,6,5,'2009-05-01 00:00:00',0,'2010-01-18 22:05:33'),(159,'_-1nsert-_',1,NULL,1,1,0,2,2,'2009-05-01 00:00:00',0,'2010-01-18 22:05:33'),(160,'eos',1,NULL,1,0,0,0,0,'2009-05-01 00:00:00',0,'2010-01-18 22:05:33'),(161,'accounting',1,NULL,1,0,0,0,0,'2009-05-01 00:00:00',0,'2010-01-18 22:05:33'),(162,'sphere',1,NULL,1,0,0,0,0,'2009-05-01 00:00:00',0,'2010-01-18 22:05:33'),(163,'angel',1,NULL,1,0,0,1,3,'2009-05-01 00:00:00',0,'2010-01-18 22:05:33'),(164,'mortlol',1,NULL,1,0,0,0,0,'2009-05-01 00:00:00',0,'2010-01-18 22:05:33'),(165,'light',1,NULL,1,0,0,0,0,'2009-05-01 00:00:00',0,'2010-01-18 22:05:33'),(166,'SlightofHand',1,NULL,1,3,0,2,2,'2009-05-01 00:00:00',0,'2010-01-18 22:05:33'),(168,'-drkang3l-',1,NULL,1,0,0,0,0,'2009-05-01 00:00:00',0,'2010-01-18 22:05:33'),(169,'squirrelywrath',1,NULL,1,0,0,0,0,'2009-05-01 00:00:00',0,'2010-01-18 22:05:33'),(170,'shambles',1,0,1,40,5,2,5,'2009-05-01 00:00:00',0,'2010-01-18 22:05:33'),(171,'countess',1,NULL,1,0,0,0,0,'2009-05-01 00:00:00',0,'2010-01-18 22:05:33'),(172,'glay',1,NULL,1,0,0,0,0,'2009-05-01 00:00:00',0,'2010-01-18 22:05:34'),(173,'PusHeR',1,NULL,1,0,0,0,0,'2009-05-01 00:00:00',0,'2010-01-18 22:05:34'),(252,'MaJesTiQ',1,0,NULL,7,3,7,7,'2009-05-01 00:00:00',0,'2010-03-30 18:58:54'),(174,'cookie-monster',1,0,NULL,7,1,11,7,'2009-05-01 00:00:00',0,'2010-01-19 10:54:22'),(258,'em0_llama',3,0,NULL,30,7,5,4,'2009-05-01 00:00:00',0,'2010-04-09 15:23:58'),(175,'DeMoNiK',1,0,NULL,2,1,0,0,'2009-05-01 00:00:00',0,'2010-01-19 12:18:17'),(177,'Spyder-MaX',1,0,NULL,12,0,22,33,'2009-05-01 00:00:00',0,'2010-01-19 14:19:33'),(242,'-ThoR-',1,0,NULL,15,5,4,4,'2009-05-01 00:00:00',0,'2010-03-07 16:37:51'),(201,'zark',1,0,NULL,36,5,9,10,'2009-05-01 00:00:00',1,'2010-01-22 18:33:40'),(245,'Rentius',2,0,NULL,63,36,58,57,'2009-05-01 00:00:00',0,'2010-03-08 18:36:39'),(266,'[kez]luck3r',1,0,NULL,52,16,18,19,'2009-05-01 00:00:00',0,'2010-06-14 18:31:16'),(200,'cole',1,0,NULL,0,0,0,0,'2009-05-01 00:00:00',0,'2010-01-22 17:52:48'),(274,'_-S4-_KroNoS',1,0,NULL,34,5,7,11,'2009-05-01 00:00:00',0,'2010-06-17 10:08:45'),(233,'captain_assid',1,1,NULL,3,0,0,0,'2009-05-01 00:00:00',0,'2010-02-22 17:33:37'),(279,'murderstar',1,1,NULL,0,0,0,0,'2009-05-01 00:00:00',0,'2010-07-02 21:47:38'),(183,'Kalcium',1,0,NULL,79,3,127,126,'2009-05-01 00:00:00',0,'2010-01-19 23:13:06'),(352,'afrolax',1,0,NULL,1,0,0,0,'2009-05-01 00:00:00',0,'2010-10-22 23:47:36'),(186,'synergy',1,0,NULL,36,12,18,23,'2009-05-01 00:00:00',0,'2010-01-20 11:45:10'),(253,'muis',1,1,NULL,11,0,18,19,'2009-05-01 00:00:00',0,'2010-03-31 20:12:52'),(267,'Yakov',3,0,NULL,54,9,39,36,'2009-05-01 00:00:00',0,'2010-06-14 18:37:48'),(265,'kspr',1,0,NULL,0,0,0,0,'2009-05-01 00:00:00',0,'2010-06-04 15:56:16'),(235,'frozenyoghurt',1,0,NULL,16,1,10,8,'2009-05-01 00:00:00',0,'2010-02-22 20:14:41'),(278,'kick-th3_can',1,1,NULL,3,0,0,0,'2009-05-01 00:00:00',0,'2010-06-25 17:18:33'),(298,'blur',1,0,NULL,8,2,3,2,'2009-05-01 00:00:00',0,'2010-07-02 21:50:02'),(199,'astra',1,0,NULL,65,37,52,42,'2009-05-01 00:00:00',0,'2010-01-22 15:28:48'),(293,'nitricity',1,1,NULL,1,0,0,0,'2009-05-01 00:00:00',0,'2010-07-02 21:49:21'),(282,'cidic',1,1,NULL,0,0,0,0,'2009-05-01 00:00:00',0,'2010-07-02 21:47:59'),(291,'apocoliptic',1,1,NULL,2,0,0,0,'2009-05-01 00:00:00',0,'2010-07-02 21:49:00'),(295,'drgreen',1,1,NULL,2,0,0,0,'2009-05-01 00:00:00',0,'2010-07-02 21:49:30'),(288,'confu3',1,1,NULL,0,0,0,0,'2009-05-01 00:00:00',0,'2010-07-02 21:48:34'),(286,'gromett',1,1,NULL,0,0,0,0,'2009-05-01 00:00:00',0,'2010-07-02 21:48:24'),(194,'ViVi',1,0,NULL,40,7,8,11,'2009-05-01 00:00:00',0,'2010-01-21 22:48:53'),(221,'Flarez711',1,0,NULL,38,6,236,249,'2009-05-01 00:00:00',0,'2010-02-01 17:48:44'),(196,'Car-a-carn',1,0,NULL,10,0,34,52,'2009-05-01 00:00:00',0,'2010-01-22 10:15:59'),(303,'pcc',1,1,NULL,16,0,17,21,'2009-05-01 00:00:00',0,'2010-07-02 21:50:29'),(264,'scant',1,0,NULL,5,1,13,8,'2009-05-01 00:00:00',0,'2010-05-12 20:19:44'),(198,'dr3xus',1,0,NULL,65,11,14,17,'2009-05-01 00:00:00',0,'2010-01-22 13:54:26'),(203,'SyNoPTiCaL',1,0,NULL,95,32,57,59,'2009-05-01 00:00:00',0,'2010-01-23 21:54:42'),(218,'mrasssman',1,0,NULL,23,2,2,2,'2009-05-01 00:00:00',0,'2010-01-30 13:46:01'),(202,'[WarChief]',1,0,NULL,39,4,33,38,'2009-05-01 00:00:00',0,'2010-01-23 21:20:27'),(205,'cheeseburgaeddy',1,0,NULL,10,0,116,103,'2009-05-01 00:00:00',0,'2010-01-24 07:42:50'),(351,'lino',1,0,NULL,0,0,0,0,'2009-05-01 00:00:00',0,'2010-10-22 22:12:32'),(206,'GiNjA',1,1,NULL,36,-1,15,18,'2010-08-09 22:51:44',1,'2010-01-24 13:33:36'),(297,'kluch',1,1,NULL,0,0,0,0,'2009-05-01 00:00:00',0,'2010-07-02 21:49:41'),(254,'O_Mall3y',1,0,NULL,0,0,0,0,'2009-05-01 00:00:00',0,'2010-04-07 06:31:55'),(222,'xeiios',1,0,NULL,2,0,2,7,'2009-05-01 00:00:00',0,'2010-02-03 18:35:53'),(276,'convenant',1,1,NULL,0,0,0,0,'2009-05-01 00:00:00',0,'2010-06-17 10:13:25'),(208,'vsdgkk',1,0,1,5,0,0,0,'2009-05-01 00:00:00',0,'2010-01-27 08:18:12'),(249,'aspekt',1,0,NULL,0,0,12,7,'2009-05-01 00:00:00',0,'2010-03-15 13:57:27'),(212,'Chaos_Unleashed',1,0,NULL,2,0,0,0,'2009-05-01 00:00:00',0,'2010-01-28 09:33:47'),(216,'biizzard',1,0,NULL,34,1,7,10,'2009-05-01 00:00:00',0,'2010-01-29 14:28:43'),(275,'honestly',1,1,NULL,0,0,0,0,'2009-05-01 00:00:00',0,'2010-06-17 10:09:30'),(232,'younoobandhack',1,0,NULL,0,0,2,4,'2009-05-01 00:00:00',0,'2010-02-18 21:55:46'),(280,'tiamo',1,1,NULL,5,0,0,0,'2009-05-01 00:00:00',0,'2010-07-02 21:47:45'),(219,'(LinK)',1,1,NULL,9,0,63,52,'2009-05-01 00:00:00',0,'2010-01-31 15:19:48'),(322,'supakoopa',1,1,NULL,0,0,26,20,'2009-05-01 00:00:00',0,'2010-08-27 20:11:40'),(301,'kickthekids',1,1,NULL,0,0,0,0,'2009-05-01 00:00:00',0,'2010-07-02 21:50:19'),(224,'FeeDBacK',1,0,NULL,32,10,131,138,'2009-05-01 00:00:00',0,'2010-02-08 16:43:13'),(285,'when',1,1,NULL,0,0,0,0,'2009-05-01 00:00:00',0,'2010-07-02 21:48:17'),(268,'FROSTBlTE',1,1,NULL,14,0,1,4,'2009-05-01 00:00:00',0,'2010-06-14 18:37:53'),(226,'sharpclaw',1,0,NULL,21,1,10,13,'2010-02-11 19:59:05',1,'2010-02-10 18:35:42'),(281,'1reaper1',1,1,NULL,0,0,0,0,'2009-05-01 00:00:00',0,'2010-07-02 21:47:54'),(228,'Smooth',1,0,NULL,16,1,14,12,'2009-05-01 00:00:00',0,'2010-02-12 19:52:58'),(277,'daemon_hanky',1,1,NULL,0,0,0,0,'2009-05-01 00:00:00',0,'2010-06-20 23:38:20'),(247,'habit',1,0,NULL,2,0,0,0,'2009-05-01 00:00:00',0,'2010-03-08 19:02:49'),(238,'eeZy',1,0,1,0,0,1,5,'2009-05-01 00:00:00',0,'2010-03-06 12:35:37'),(292,'[dl]zwetch',1,1,NULL,6,0,37,36,'2009-05-01 00:00:00',0,'2010-07-02 21:49:12'),(260,'h0Bo_17',1,0,NULL,61,4,44,46,'2009-05-01 00:00:00',0,'2010-04-12 16:11:19'),(304,'s33d',1,1,NULL,0,0,0,0,'2009-05-01 00:00:00',0,'2010-07-02 21:50:34'),(305,'kasim',1,1,NULL,0,0,0,0,'2009-05-01 00:00:00',0,'2010-07-02 21:50:45'),(306,'kaira',1,1,NULL,0,0,0,0,'2009-05-01 00:00:00',0,'2010-07-02 21:50:47'),(307,'mae',1,0,NULL,101,5,152,138,'2009-05-01 00:00:00',0,'2010-07-10 19:16:02'),(309,'leap',1,1,NULL,16,0,4,6,'2009-05-01 00:00:00',0,'2010-07-20 20:19:48'),(342,'ratthing',1,1,NULL,1,0,0,0,'2009-05-01 00:00:00',0,'2010-10-13 15:24:14'),(311,'darkprophet',1,0,NULL,23,2,21,14,'2009-05-01 00:00:00',0,'2010-07-31 20:59:21'),(312,'visrucis',1,0,NULL,16,2,4,5,'2009-05-01 00:00:00',0,'2010-08-01 19:28:01'),(313,'bestonserver',1,1,NULL,6,0,2,2,'2009-05-01 00:00:00',0,'2010-08-01 19:29:32'),(314,'AugustanA',1,1,NULL,24,0,34,27,'2009-05-01 00:00:00',0,'2010-08-01 19:29:38'),(315,'onigami',1,0,NULL,18,-1,9,12,'2010-08-18 17:52:04',1,'2010-08-05 10:33:16'),(316,'njarfie',1,1,NULL,6,0,0,0,'2009-05-01 00:00:00',0,'2010-08-05 10:33:22'),(318,'logo_fpoo',1,0,NULL,30,2,3,3,'2009-05-01 00:00:00',0,'2010-08-08 17:23:51'),(326,'-xeroX-',1,0,NULL,26,0,26,28,'2009-05-01 00:00:00',0,'2010-09-12 13:48:19'),(327,'celestial_fever',1,1,NULL,15,0,3,3,'2009-05-01 00:00:00',0,'2010-09-30 17:32:50'),(328,'CaViE',1,1,NULL,8,0,27,23,'2009-05-01 00:00:00',0,'2010-09-30 17:33:04'),(329,'distort',1,1,NULL,17,0,2,3,'2009-05-01 00:00:00',0,'2010-10-04 15:07:00'),(330,'remixdanny',1,0,NULL,10,2,2,2,'2009-05-01 00:00:00',0,'2010-10-05 19:31:41'),(331,'BlueMonKey',1,1,NULL,0,0,14,13,'2009-05-01 00:00:00',0,'2010-10-06 15:44:48'),(332,'the_krucifier',1,1,NULL,1,0,7,6,'2009-05-01 00:00:00',0,'2010-10-09 19:00:43'),(333,'revoker',1,1,NULL,8,0,9,9,'2009-05-01 00:00:00',0,'2010-10-09 19:00:49'),(334,'nobodynoddy',1,1,NULL,7,0,0,0,'2009-05-01 00:00:00',0,'2010-10-09 19:00:55'),(338,'nakedpengwin',1,1,NULL,0,0,0,2,'2009-05-01 00:00:00',0,'2010-10-11 18:06:50'),(336,'Gaskoon',1,0,NULL,7,1,3,3,'2009-05-01 00:00:00',0,'2010-10-10 17:16:10'),(337,'ironsoul',1,1,NULL,7,0,31,32,'2009-05-01 00:00:00',0,'2010-10-10 18:55:07'),(339,'ench',1,1,NULL,7,0,4,8,'2009-05-01 00:00:00',0,'2010-10-12 11:03:49'),(341,'Nsanity',1,1,NULL,5,0,11,8,'2009-05-01 00:00:00',0,'2010-10-13 05:50:36'),(343,'tibbar',1,1,NULL,4,0,0,0,'2009-05-01 00:00:00',0,'2010-10-14 19:31:09'),(348,'nicely',1,0,NULL,0,0,0,0,'2009-05-01 00:00:00',0,'2010-10-16 20:25:24'),(353,'alchemy',1,1,NULL,2,0,1,2,'2009-05-01 00:00:00',0,'2010-10-23 10:41:50'),(354,'demon_dk',1,1,NULL,0,0,0,0,'2009-05-01 00:00:00',0,'2010-10-25 10:21:24'),(355,'Demon',1,1,NULL,2,0,0,0,'2009-05-01 00:00:00',0,'2010-10-25 13:22:10');
/*!40000 ALTER TABLE `players` ENABLE KEYS */;
UNLOCK TABLES;
/*!40103 SET TIME_ZONE=@OLD_TIME_ZONE */;

/*!40101 SET SQL_MODE=@OLD_SQL_MODE */;
/*!40014 SET FOREIGN_KEY_CHECKS=@OLD_FOREIGN_KEY_CHECKS */;
/*!40014 SET UNIQUE_CHECKS=@OLD_UNIQUE_CHECKS */;
/*!40101 SET CHARACTER_SET_CLIENT=@OLD_CHARACTER_SET_CLIENT */;
/*!40101 SET CHARACTER_SET_RESULTS=@OLD_CHARACTER_SET_RESULTS */;
/*!40101 SET COLLATION_CONNECTION=@OLD_COLLATION_CONNECTION */;
/*!40111 SET SQL_NOTES=@OLD_SQL_NOTES */;

-- Dump completed on 2010-10-26  6:56:06
