-- MySQL dump 10.11
--
-- Host: localhost    Database: saihl
-- ------------------------------------------------------
-- Server version	5.0.75-0ubuntu10.2

/*!40101 SET @OLD_CHARACTER_SET_CLIENT=@@CHARACTER_SET_CLIENT */;
/*!40101 SET @OLD_CHARACTER_SET_RESULTS=@@CHARACTER_SET_RESULTS */;
/*!40101 SET @OLD_COLLATION_CONNECTION=@@COLLATION_CONNECTION */;
/*!40101 SET NAMES utf8 */;
/*!40103 SET @OLD_TIME_ZONE=@@TIME_ZONE */;
/*!40103 SET TIME_ZONE='+00:00' */;
/*!40014 SET @OLD_UNIQUE_CHECKS=@@UNIQUE_CHECKS, UNIQUE_CHECKS=0 */;
/*!40014 SET @OLD_FOREIGN_KEY_CHECKS=@@FOREIGN_KEY_CHECKS, FOREIGN_KEY_CHECKS=0 */;
/*!40101 SET @OLD_SQL_MODE=@@SQL_MODE, SQL_MODE='NO_AUTO_VALUE_ON_ZERO' */;
/*!40111 SET @OLD_SQL_NOTES=@@SQL_NOTES, SQL_NOTES=0 */;

--
-- Table structure for table `contacts`
--

DROP TABLE IF EXISTS `contacts`;
SET @saved_cs_client     = @@character_set_client;
SET character_set_client = utf8;
CREATE TABLE `contacts` (
  `id` bigint(20) unsigned NOT NULL auto_increment,
  `player_id` int(11) NOT NULL,
  `contact_type` varchar(255) default NULL,
  `contact_details` varchar(255) default NULL,
  UNIQUE KEY `id` (`id`)
) ENGINE=MyISAM AUTO_INCREMENT=52 DEFAULT CHARSET=latin1;
SET character_set_client = @saved_cs_client;

--
-- Dumping data for table `contacts`
--

LOCK TABLES `contacts` WRITE;
/*!40000 ALTER TABLE `contacts` DISABLE KEYS */;
INSERT INTO `contacts` VALUES (5,49,'Cellphone','0842534009'),(23,52,'cellphone','0722076804'),(7,213,'Cellphone','0761304667'),(8,48,'cell','0837522506'),(9,227,'PhoneNo.','021-534-6093'),(10,23,'021','6866387'),(13,236,'CellPhone','0827498532'),(12,227,'CellNo.','0822006949'),(15,204,'cellphone','0726351519'),(16,213,'MSN','louis.neilson@hotmail.com'),(17,213,'Skype:','illyrian_za'),(18,262,'phone','0765094939'),(19,242,'Cell','0720537639'),(20,70,'MSN','laxx0r@hotmail.com'),(22,277,'Cell','0720537639'),(28,315,'CellPhone','0720537639'),(27,243,'cellphone','0832301674'),(35,342,'cell','0720537639'),(30,50,'cell','0845638941'),(31,351,'email','b4nditmyt@gmail.com'),(33,354,'HomeNo.','0215346093'),(36,357,'cellno','084'),(37,214,'Cell','0786604925'),(39,331,'homephone','021-6866387'),(40,230,'homephone','-565-323-433t'),(41,180,'landline','0217905157'),(42,29,'Cellphone','0719464931'),(43,392,'home','sewer'),(46,339,'Cellphone','0781958280'),(47,396,'cellfone','0824647662'),(48,10,'irc','#dedicated`abuse'),(49,415,'Cellphone','0848402958'),(50,415,'Name','Gordon'),(51,423,'phone','0793670407');
/*!40000 ALTER TABLE `contacts` ENABLE KEYS */;
UNLOCK TABLES;

--
-- Table structure for table `nicks`
--

DROP TABLE IF EXISTS `nicks`;
SET @saved_cs_client     = @@character_set_client;
SET character_set_client = utf8;
CREATE TABLE `nicks` (
  `id` int(11) NOT NULL auto_increment,
  `player_id` int(11) default NULL,
  `nick` varchar(100) default NULL,
  PRIMARY KEY  (`id`)
) ENGINE=MyISAM AUTO_INCREMENT=767 DEFAULT CHARSET=latin1;
SET character_set_client = @saved_cs_client;

--
-- Dumping data for table `nicks`
--

LOCK TABLES `nicks` WRITE;
/*!40000 ALTER TABLE `nicks` DISABLE KEYS */;
INSERT INTO `nicks` VALUES (1,1,'aapie'),(764,414,'MARSHALL_2'),(5,6,'birdwin'),(7,8,'blizzy'),(8,9,'caster'),(9,10,'clitsybananas'),(460,302,'hiro_nakamora'),(605,214,'Xeiios'),(724,418,'slowdrag'),(14,15,'doppl3r'),(15,16,'ecstasy'),(584,357,'en.jesus'),(17,18,'freez'),(18,19,'frenzy'),(19,20,'ganymede'),(21,22,'guishou'),(754,432,'flarez'),(24,25,'illusion'),(766,438,'TriStar'),(27,28,'knoxx'),(28,29,'Lemon-GrasS'),(29,30,'leto'),(30,31,'machine'),(765,438,'-xerox-'),(33,34,'mrasssman'),(34,35,'nakor'),(756,392,'optimist'),(38,39,'pandatank'),(489,15,'2girls^1pudge'),(40,41,'RandomHero'),(763,437,'[kez]luck3r'),(718,413,'Yasin_Jones'),(43,44,'sagie'),(44,45,'saidin'),(45,46,'scant'),(431,288,'zark'),(48,49,'SixiS'),(49,50,'sLoJ'),(50,51,'smoke_t'),(666,391,'SlynCky'),(667,392,'str1d3r'),(751,308,'NevadA'),(57,58,'valprax'),(748,430,'DistIlleD'),(658,388,'HeiNeKeN'),(643,385,'light'),(62,63,'wingster'),(760,435,'houphouetboigny'),(64,65,'replaysnet'),(753,432,'flarez711'),(631,380,'gaskoon'),(216,25,'eL^Grande'),(557,352,'countess'),(715,413,'h0bo_17'),(726,354,'chuckY'),(404,49,'JJ`SixiS'),(719,415,'poisoninsignia'),(625,368,'Virtuos'),(638,337,'Mizery'),(618,313,'skills'),(752,431,'wong'),(428,285,'totoro'),(713,412,'gRiz'),(636,383,'phenix'),(757,414,'CheaP_StyleS'),(91,116,'xeRa'),(761,413,'BonecrusH'),(611,303,'Plic'),(400,193,'Orange'),(730,339,'skinks'),(494,204,'iLoveJesuS'),(679,396,'bishopking_evox'),(526,342,'SyNoPTiCaL'),(160,31,'bvd`Machine'),(712,411,'tenko'),(682,396,'rad0x'),(750,303,'sw33tlou62'),(694,394,'f8-pb-'),(693,400,'-blunt-'),(746,430,'kronos'),(117,116,'[]CryT_T'),(665,390,'ben'),(127,35,'jokes'),(474,204,'suitner'),(524,341,'SlightofHand'),(266,44,'SaGE85'),(728,419,'biizzard'),(619,313,'pr1zm'),(279,209,'reactioN'),(630,379,'st1d3r'),(141,50,'[s]LoJ'),(513,334,'squirrelywrath'),(698,266,'boxer'),(147,30,'PerfecT'),(289,209,'poesgood'),(218,34,'bangla'),(217,15,'jihadjoe'),(164,18,'bvd`freez'),(559,354,'eCho'),(594,368,'death'),(762,436,'remixdanny'),(641,384,'phobos'),(642,305,'faihlstar'),(429,286,'moth'),(402,267,'rob_Bank'),(689,331,'pigeon'),(690,398,'drexus'),(182,8,'midas'),(450,298,'comedy'),(707,407,'ChoseN1'),(229,44,'S^gie'),(705,346,'redbush'),(189,180,'BonKerS'),(739,426,'madews'),(514,335,'-drkang3l-'),(280,209,'JimmyTheHand'),(759,434,'pcc'),(722,415,'letsgo'),(255,1,'CpTamerica'),(206,184,'syNdriN'),(462,303,'XXXPLIC8'),(244,193,'_-1nsert-_'),(480,313,'sphere'),(226,29,'lemon-gr^ss'),(709,409,'synergy'),(717,415,'sharpclaw'),(347,49,'JJ..SixiS'),(449,298,'waz_mac'),(345,180,'dedA^BonKerS'),(758,433,'mae'),(623,58,'roseduke'),(628,378,'kspr'),(629,378,'misz33'),(262,201,'eos'),(735,423,'kalcium'),(264,58,'fueloffire'),(586,29,'a_player123'),(749,430,'_-S4-_KroNoS'),(270,204,'Rentius'),(272,205,'aion'),(740,423,'betterThanYours'),(704,406,'vivi'),(624,377,'prod_e-g'),(600,368,'ArtStyle'),(283,211,'voorhuid'),(720,416,'fridgey'),(716,414,'jesushadaegis'),(721,417,'kingsley'),(675,395,'CuriousGeorge'),(473,308,'AugustanA'),(455,301,'glitch'),(664,389,'angel'),(647,341,'RoSe'),(671,394,'noob_likevigoss'),(378,259,'STRONGESTSHIELD'),(328,230,'ZaBuZ4'),(696,402,'dr3xus'),(684,266,'Atmosphere'),(755,392,'strdr'),(691,399,'logo_fpoo'),(390,266,'ryuu'),(391,267,'d-o1shi'),(660,0,'45'),(634,46,'superstrom'),(635,382,'juliuscaez0r'),(465,305,'farstar'),(711,411,'illyrian'),(670,393,'mortlol'),(509,331,'radox'),(510,49,'6iS'),(511,332,'SiD24'),(714,411,'SheLookedLvl18'),(515,331,'n3komatA'),(516,332,'kujo'),(518,337,'shambles'),(695,401,'Golden_Biizzard'),(521,339,'Nyad'),(708,408,'afrolax'),(532,342,'--aNarchy--'),(533,339,'WillQuit4Friend'),(534,344,'Sheepbot'),(699,403,'fear'),(536,346,'-Roo]l[boS-'),(537,346,'ReDBusHRoBByYy'),(688,6,'sugar'),(539,347,'glay'),(540,344,'innuendo'),(548,285,'lin888'),(549,341,'smke'),(729,420,'astra'),(692,374,'JinBaChi'),(567,335,'-luvs2_Spo0dgz-'),(583,357,'FancyFootWork'),(603,370,'accounting'),(738,425,'[warchief]'),(733,421,'messatsu'),(573,357,'THE_BRAINS'),(732,412,'maestro]'),(661,45,'nidias'),(612,373,'PusHeR'),(613,374,'Exo_minA'),(620,180,'UnK-BonKerS'),(621,375,'viruz');
/*!40000 ALTER TABLE `nicks` ENABLE KEYS */;
UNLOCK TABLES;

--
-- Table structure for table `players`
--

DROP TABLE IF EXISTS `players`;
SET @saved_cs_client     = @@character_set_client;
SET character_set_client = utf8;
CREATE TABLE `players` (
  `id` int(11) NOT NULL auto_increment,
  `nick` varchar(100) NOT NULL,
  `cg` int(11) default '1',
  `trial` tinyint(1) default NULL,
  `numgames` int(11) default '0',
  `numcapts` int(11) default '0',
  `roll_wins` int(11) default '0',
  `roll_losses` int(11) default '0',
  `punished_at` datetime default '2009-05-01 00:00:00',
  `punishes` int(11) default '0',
  `created_at` timestamp NOT NULL default CURRENT_TIMESTAMP,
  PRIMARY KEY  (`id`)
) ENGINE=MyISAM AUTO_INCREMENT=439 DEFAULT CHARSET=latin1;
SET character_set_client = @saved_cs_client;

--
-- Dumping data for table `players`
--

LOCK TABLES `players` WRITE;
/*!40000 ALTER TABLE `players` DISABLE KEYS */;
INSERT INTO `players` VALUES (1,'aapie',1,0,8,2,0,0,'2009-05-01 00:00:00',0,'0000-00-00 00:00:00'),(6,'birdwin',1,0,1,0,0,0,'2009-05-01 00:00:00',0,'0000-00-00 00:00:00'),(8,'blizzy',3,0,104,22,15,17,'2009-05-01 00:00:00',0,'0000-00-00 00:00:00'),(9,'caster',1,0,46,2,8,6,'2009-05-01 00:00:00',0,'0000-00-00 00:00:00'),(10,'clitsybananas',1,0,3,0,1,0,'2009-05-01 00:00:00',0,'0000-00-00 00:00:00'),(15,'doppl3r',1,0,6,1,1,3,'2009-05-01 00:00:00',0,'0000-00-00 00:00:00'),(16,'ecstasy',1,0,2,0,0,0,'2009-05-01 00:00:00',0,'0000-00-00 00:00:00'),(18,'freez',1,0,29,6,3,4,'2009-05-01 00:00:00',0,'0000-00-00 00:00:00'),(19,'frenzy',1,0,1,0,1,1,'2009-05-01 00:00:00',0,'0000-00-00 00:00:00'),(20,'ganymede',1,0,0,0,0,0,'2009-05-01 00:00:00',0,'0000-00-00 00:00:00'),(22,'guishou',1,0,0,0,0,0,'2009-05-01 00:00:00',0,'0000-00-00 00:00:00'),(25,'illusion',1,0,0,0,0,0,'2009-05-01 00:00:00',0,'0000-00-00 00:00:00'),(28,'knoxx',1,0,1,0,0,0,'2009-05-01 00:00:00',0,'0000-00-00 00:00:00'),(29,'Lemon-GrasS',3,0,47,7,5,12,'2009-05-01 00:00:00',0,'0000-00-00 00:00:00'),(30,'leto',1,0,34,5,28,30,'2009-05-01 00:00:00',0,'0000-00-00 00:00:00'),(31,'machine',1,0,0,0,0,0,'2009-05-01 00:00:00',0,'0000-00-00 00:00:00'),(34,'mrasssman',1,0,117,17,14,10,'2009-05-01 00:00:00',1,'0000-00-00 00:00:00'),(35,'nakor',3,0,116,29,17,20,'2009-05-01 00:00:00',0,'0000-00-00 00:00:00'),(394,'noob_likevigoss',1,0,1,0,0,0,'2009-05-01 00:00:00',0,'2010-01-08 19:20:45'),(39,'pandatank',1,0,77,1,8,6,'2009-05-01 00:00:00',0,'0000-00-00 00:00:00'),(41,'RandomHero',1,0,2,1,1,0,'2009-05-01 00:00:00',0,'0000-00-00 00:00:00'),(44,'sagie',0,1,0,0,0,0,'2009-05-01 00:00:00',0,'0000-00-00 00:00:00'),(45,'saidin',1,0,2,0,0,0,'2009-05-01 00:00:00',0,'0000-00-00 00:00:00'),(46,'scant',10,0,237,86,136,121,'2009-05-01 00:00:00',0,'0000-00-00 00:00:00'),(49,'SixiS',10,0,44,1,4,6,'2009-05-01 00:00:00',0,'0000-00-00 00:00:00'),(50,'sLoJ',3,0,78,14,15,12,'2009-05-01 00:00:00',0,'0000-00-00 00:00:00'),(51,'smoke_t',1,0,10,1,2,5,'2009-05-01 00:00:00',0,'0000-00-00 00:00:00'),(380,'gaskoon',1,1,6,0,1,0,'2009-05-01 00:00:00',0,'2009-12-07 16:16:55'),(421,'messatsu',1,0,0,0,0,0,'2009-05-01 00:00:00',0,'2010-07-13 17:22:46'),(58,'valprax',1,0,197,61,42,45,'2009-05-01 00:00:00',0,'0000-00-00 00:00:00'),(298,'waz_mac',3,0,89,24,25,25,'2009-05-01 00:00:00',0,'2009-08-30 13:06:07'),(63,'wingster',3,0,2,2,2,1,'2009-05-01 00:00:00',0,'0000-00-00 00:00:00'),(65,'replaysnet',1,0,0,0,0,0,'2009-05-01 00:00:00',0,'0000-00-00 00:00:00'),(368,'death',1,0,159,42,26,34,'2009-05-01 00:00:00',0,'2009-11-13 22:58:18'),(382,'juliuscaez0r',1,1,0,0,0,0,'2009-05-01 00:00:00',0,'2009-12-13 13:24:44'),(383,'phenix',1,1,0,0,0,0,'2009-05-01 00:00:00',0,'2009-12-13 13:27:44'),(214,'Xeiios',1,1,3,0,13,17,'2009-05-01 00:00:00',0,'0000-00-00 00:00:00'),(378,'kspr',1,0,161,40,49,50,'2009-05-01 00:00:00',0,'2009-12-05 17:31:16'),(379,'st1d3r',1,1,0,0,0,0,'2009-05-01 00:00:00',0,'2009-12-05 23:03:00'),(285,'totoro',1,0,6,0,0,0,'2009-05-01 00:00:00',0,'2009-08-09 22:40:21'),(377,'prod_e-g',1,0,1,0,0,0,'2009-05-01 00:00:00',0,'2009-12-03 00:48:40'),(286,'moth',1,0,0,0,0,0,'2009-05-01 00:00:00',0,'2009-08-09 22:40:25'),(116,'xeRa',1,0,9,2,0,3,'2009-05-01 00:00:00',0,'0000-00-00 00:00:00'),(413,'h0bo_17',1,1,7,0,1,0,'2009-05-01 00:00:00',0,'2010-05-04 17:56:22'),(414,'jesushadaegis',1,1,0,0,0,0,'2009-05-01 00:00:00',0,'2010-05-04 17:56:26'),(302,'hiro_nakamora',1,1,0,0,0,0,'2009-05-01 00:00:00',0,'2009-09-06 23:58:28'),(415,'sharpclaw',1,1,5,0,3,6,'2009-05-01 00:00:00',0,'2010-05-04 17:57:01'),(230,'ZaBuZ4',1,1,15,0,2,6,'2009-05-01 00:00:00',0,'0000-00-00 00:00:00'),(209,'reactioN',1,0,6,0,0,0,'2009-05-01 00:00:00',0,'0000-00-00 00:00:00'),(204,'Rentius',1,0,12,2,10,10,'2009-05-01 00:00:00',0,'0000-00-00 00:00:00'),(259,'STRONGESTSHIELD',1,1,0,0,0,0,'2009-05-01 00:00:00',0,'2009-07-21 17:53:17'),(430,'kronos',1,1,6,0,1,1,'2009-05-01 00:00:00',0,'2010-09-02 13:37:36'),(431,'wong',1,0,1,0,0,0,'2009-05-01 00:00:00',0,'2010-09-03 14:51:00'),(211,'voorhuid',1,1,0,0,0,0,'2009-05-01 00:00:00',0,'0000-00-00 00:00:00'),(436,'remixdanny',1,0,8,0,1,0,'2009-05-01 00:00:00',0,'2010-09-23 18:38:05'),(205,'aion',1,1,18,0,0,0,'2009-05-01 00:00:00',0,'0000-00-00 00:00:00'),(180,'BonKerS',1,0,46,19,14,17,'2009-05-01 00:00:00',0,'0000-00-00 00:00:00'),(384,'phobos',1,0,8,1,1,1,'2009-05-01 00:00:00',0,'2009-12-15 20:01:43'),(184,'syNdriN',1,0,1,0,0,0,'2009-05-01 00:00:00',0,'0000-00-00 00:00:00'),(331,'radox',1,0,148,37,56,41,'2009-05-01 00:00:00',0,'2009-10-02 15:26:21'),(193,'_-1nsert-_',1,1,3,0,1,0,'2009-05-01 00:00:00',0,'0000-00-00 00:00:00'),(419,'biizzard',1,1,0,0,0,0,'2009-05-01 00:00:00',0,'2010-05-08 16:51:20'),(201,'eos',1,0,0,0,0,0,'2009-05-01 00:00:00',0,'0000-00-00 00:00:00'),(423,'kalcium',1,1,4,0,0,0,'2009-05-01 00:00:00',0,'2010-07-13 22:32:57'),(433,'mae',1,1,0,0,0,0,'2009-05-01 00:00:00',0,'2010-09-05 13:40:06'),(425,'[warchief]',1,1,1,0,0,0,'2009-05-01 00:00:00',0,'2010-08-06 14:52:52'),(426,'madews',1,1,1,0,0,0,'2009-05-01 00:00:00',0,'2010-08-06 15:02:43'),(301,'glitch',1,0,2,1,4,8,'2009-05-01 00:00:00',0,'2009-09-03 18:44:04'),(370,'accounting',1,0,0,0,0,0,'2009-05-01 00:00:00',0,'2009-11-17 21:51:34'),(313,'sphere',1,0,3,0,0,0,'2009-05-01 00:00:00',0,'2009-09-20 19:28:03'),(437,'[kez]luck3r',1,0,0,0,0,0,'2009-05-01 00:00:00',0,'2010-09-26 17:03:39'),(438,'-xerox-',1,1,1,0,0,0,'2009-05-01 00:00:00',0,'2010-09-27 00:07:51'),(420,'astra',1,0,12,4,6,2,'2009-05-01 00:00:00',0,'2010-05-08 16:52:20'),(388,'HeiNeKeN',1,0,34,1,1,0,'2009-05-01 00:00:00',0,'2009-12-30 18:04:26'),(398,'drexus',1,0,1,0,0,0,'2009-05-01 00:00:00',0,'2010-01-21 20:22:06'),(412,'gRiz',1,1,4,0,5,6,'2009-05-01 00:00:00',0,'2010-05-04 17:48:23'),(399,'logo_fpoo',1,0,8,2,2,3,'2009-05-01 00:00:00',0,'2010-01-21 20:22:41'),(400,'-blunt-',1,1,0,0,0,0,'2009-05-01 00:00:00',0,'2010-01-24 12:22:18'),(401,'Golden_Biizzard',1,1,1,0,0,0,'2009-05-01 00:00:00',0,'2010-01-29 14:22:49'),(402,'dr3xus',1,0,5,1,0,1,'2009-05-01 00:00:00',0,'2010-01-30 18:45:39'),(403,'fear',1,1,0,0,5,8,'2009-05-01 00:00:00',0,'2010-02-06 09:08:02'),(406,'vivi',1,1,0,0,0,0,'2009-05-01 00:00:00',0,'2010-03-12 22:29:25'),(407,'ChoseN1',1,0,17,2,3,2,'2009-05-01 00:00:00',0,'2010-05-02 16:43:47'),(408,'afrolax',1,0,9,3,3,2,'2009-05-01 00:00:00',0,'2010-05-03 19:02:23'),(339,'Nyad',1,0,37,3,52,27,'2009-05-01 00:00:00',0,'2009-10-07 22:17:01'),(266,'ryuu',1,0,6,0,0,0,'2009-05-01 00:00:00',0,'2009-07-26 15:31:29'),(267,'d-o1shi',1,1,0,0,0,0,'2009-05-01 00:00:00',0,'2009-07-26 17:52:27'),(288,'zark',1,0,2,1,0,1,'2009-05-01 00:00:00',0,'2009-08-09 22:40:33'),(389,'angel',1,1,8,0,0,0,'2009-05-01 00:00:00',0,'2010-01-06 13:28:53'),(390,'ben',1,1,23,0,1,2,'2009-05-01 00:00:00',0,'2010-01-07 13:31:09'),(391,'SlynCky',1,1,1,0,0,0,'2009-05-01 00:00:00',0,'2010-01-07 13:31:31'),(392,'str1d3r',1,1,24,0,4,6,'2009-05-01 00:00:00',0,'2010-01-07 13:52:52'),(393,'mortlol',1,1,0,0,0,1,'2009-05-01 00:00:00',0,'2010-01-08 17:47:54'),(395,'CuriousGeorge',1,1,0,0,0,1,'2009-05-01 00:00:00',0,'2010-01-10 09:29:28'),(409,'synergy',1,0,5,3,5,7,'2009-05-01 00:00:00',0,'2010-05-04 15:39:42'),(411,'illyrian',1,1,2,0,1,0,'2009-05-01 00:00:00',0,'2010-05-04 17:14:59'),(308,'AugustanA',1,1,6,0,54,58,'2009-05-01 00:00:00',0,'2009-09-15 20:11:41'),(303,'XXXPLIC8',1,0,47,9,27,27,'2009-05-01 00:00:00',0,'2009-09-08 15:42:38'),(305,'farstar',1,1,0,0,2,8,'2009-05-01 00:00:00',0,'2009-09-10 18:14:20'),(396,'bishopking_evox',1,1,4,0,3,4,'2009-05-01 00:00:00',0,'2010-01-16 14:43:30'),(385,'light',1,0,40,13,7,7,'2009-05-01 00:00:00',0,'2009-12-16 15:00:15'),(417,'kingsley',1,1,1,0,0,0,'2009-05-01 00:00:00',0,'2010-05-05 20:05:13'),(418,'slowdrag',1,1,0,0,10,9,'2009-05-01 00:00:00',0,'2010-05-06 15:27:00'),(341,'SlightofHand',0,0,105,19,22,19,'2009-05-01 00:00:00',0,'2009-10-08 12:50:37'),(342,'SyNoPTiCaL',1,0,158,17,31,34,'2009-05-01 00:00:00',0,'2009-10-09 21:10:02'),(335,'-drkang3l-',1,1,0,0,0,0,'2009-05-01 00:00:00',0,'2009-10-05 20:37:13'),(334,'squirrelywrath',1,0,7,0,0,0,'2009-05-01 00:00:00',0,'2009-10-05 19:10:21'),(332,'SiD24',1,1,1,0,0,0,'2009-05-01 00:00:00',0,'2009-10-03 17:43:37'),(435,'houphouetboigny',1,0,0,0,0,0,'2009-05-01 00:00:00',0,'2010-09-13 16:45:15'),(337,'shambles',1,0,91,6,2,5,'2009-05-01 00:00:00',0,'2009-10-06 20:03:06'),(434,'pcc',1,1,0,0,0,1,'2009-05-01 00:00:00',0,'2010-09-05 17:31:09'),(352,'countess',1,1,0,0,0,0,'2009-05-01 00:00:00',0,'2009-10-30 23:01:57'),(344,'Sheepbot',1,1,1,0,0,0,'2009-05-01 00:00:00',0,'2009-10-12 10:30:58'),(346,'-Roo]l[boS-',1,1,0,0,8,9,'2009-05-01 00:00:00',0,'2009-10-12 19:08:03'),(347,'glay',1,0,5,0,0,0,'2009-05-01 00:00:00',0,'2009-10-14 22:22:33'),(432,'flarez711',1,1,2,0,0,0,'2009-05-01 00:00:00',0,'2010-09-04 12:42:36'),(354,'eCho',1,1,46,0,83,67,'2009-05-01 00:00:00',0,'2009-11-01 14:44:10'),(357,'THE_BRAINS',1,1,29,0,19,19,'2009-05-01 00:00:00',0,'2009-11-06 23:55:42'),(416,'fridgey',1,1,4,0,0,0,'2009-05-01 00:00:00',0,'2010-05-05 19:39:48'),(373,'PusHeR',1,0,1,0,1,1,'2009-05-01 00:00:00',0,'2009-11-23 14:33:10'),(374,'Exo_minA',1,1,9,0,19,11,'2009-05-01 00:00:00',0,'2009-11-23 15:44:58'),(375,'viruz',1,1,4,0,7,5,'2009-05-01 00:00:00',0,'2009-11-30 14:42:24');
/*!40000 ALTER TABLE `players` ENABLE KEYS */;
UNLOCK TABLES;
/*!40103 SET TIME_ZONE=@OLD_TIME_ZONE */;

/*!40101 SET SQL_MODE=@OLD_SQL_MODE */;
/*!40014 SET FOREIGN_KEY_CHECKS=@OLD_FOREIGN_KEY_CHECKS */;
/*!40014 SET UNIQUE_CHECKS=@OLD_UNIQUE_CHECKS */;
/*!40101 SET CHARACTER_SET_CLIENT=@OLD_CHARACTER_SET_CLIENT */;
/*!40101 SET CHARACTER_SET_RESULTS=@OLD_CHARACTER_SET_RESULTS */;
/*!40101 SET COLLATION_CONNECTION=@OLD_COLLATION_CONNECTION */;
/*!40111 SET SQL_NOTES=@OLD_SQL_NOTES */;

-- Dump completed on 2010-09-28  6:20:31
